seller_id,revenue,orders,items,on_time_rate,avg_review_score,avg_delivery_days,seller_state,top_category
4869f7a5dfa277a7dca6462dcf3b52b2,226987.93,1124,1148,0.8841463414634146,4.139473684210526,14.54965156794425,SP,Watches Gifts
53243585a1d6dc2643021fd1853d8905,217940.44,348,400,0.96,4.128140703517588,12.94,BA,Telephony
4a3ca9315b744ce9f8e9374361493884,196882.12,1772,1949,0.8902001026167266,3.828230409963674,13.93945613134941,SP,Bed Bath Table
fa1c13f2614d7b5c4749cbc52fecda94,190917.13999999998,578,579,0.8981001727115717,4.373913043478261,12.839378238341968,SP,Watches Gifts
7c67e1448b00f6e969d365cea6b010ab,186570.05,973,1355,0.9040590405904059,3.3474387527839644,21.945387453874538,SP,Office Furniture
7e93a43ef30c4f03f38b393420bc753a,165981.49,319,322,0.9440993788819876,4.364485981308412,10.832298136645962,SP,Watches Gifts
da8622b14eb17ae2831f4ac5b9dab84a,159816.87,1311,1548,0.9270025839793282,4.067769130998703,10.698320413436692,SP,Bed Bath Table
7a67c85e85bb2ce8582c35f2203ad736,139658.69,1145,1155,0.9411255411255411,4.268090671316478,10.692640692640692,SP,Cool Stuff
1025f0e2d44d7041d6cf58b6550e0bfa,138208.56,910,1420,0.9077464788732394,3.8693181818181817,11.569014084507042,SP,Furniture Decor
955fee9216a65b617aa5c0531780ce60,131836.71,1261,1472,0.9191576086956522,4.088235294117647,10.298913043478262,SP,Furniture Decor
46dc3b2cc0980fb8ec44634e21d2718e,122811.38,503,523,0.9369024856596558,4.263565891472868,11.323135755258127,RJ,Toys
6560211a19b47992c3666cc44a7e94c0,120702.83,1819,1996,0.9378757515030061,3.950480040424457,9.058617234468938,SP,Watches Gifts
620c87c171fb2a6dd6e8bb4dec959fc6,112461.5,722,778,0.9048843187660668,4.26797385620915,12.447300771208226,RJ,Health Beauty
7d13fca15225358621be4086e1eb0964,112436.18000000001,558,571,0.8809106830122592,4.017605633802817,15.22416812609457,SP,Watches Gifts
5dceca129747e92ff8ef7a997dc4f8ca,111126.73,322,343,0.9416909620991254,4.017699115044247,10.769679300291545,SP,Luggage Accessories
1f50f920176fa81dab994f9023523100,106655.70999999999,1399,1926,0.9055036344755971,3.9924400417101147,15.106957424714434,SP,Garden Tools
cc419e0650a3c5ba77189a1882b7556a,101090.95999999999,1651,1719,0.9400814426992438,4.141885325558794,11.063408958696916,SP,Health Beauty
a1043bafd471dff536d0c462352beb48,99309.23,702,752,0.9441489361702128,4.246666666666667,13.123670212765957,MG,Garden Tools
3d871de0142ce09b7081e2b9d1733cb1,93407.4,1064,1131,0.9407603890362511,4.150134048257373,12.956675508399647,SP,Stationery
edb1ef5e36e0c8cd84eb3c9b003e486d,79144.9,165,174,0.9252873563218391,4.454022988505747,11.25287356321839,RJ,Health Beauty
ccc4bbb5f32a6ab2b7066a4130f114e3,72926.72,184,189,0.9259259259259259,4.319148936170213,15.365079365079366,PR,Health Beauty
f7ba60f8c3f99e7ee4042fdef03b70c4,68070.0,218,229,0.834061135371179,4.218340611353712,12.668122270742359,SP,Health Beauty
fe2032dab1a61af8794248c8196565c9,65689.71,293,305,0.9147540983606557,4.395348837209302,10.118032786885246,SP,Perfumery
8581055ce74af1daba164fdbd55a40de,64011.22,380,427,0.9014084507042254,4.265258215962441,12.34037558685446,SP,Auto
cca3071e3e9bb7d12640c9fbe2301306,63035.16,699,817,0.9461444308445532,3.885,13.746634026927785,SP,Furniture Decor
04308b1ee57b6625f47df1d56f00eedf,58991.8,92,92,0.8804347826086957,3.9456521739130435,18.42391304347826,SC,Health Beauty
522620dcb18a6b31cd7bdf73665113a9,56690.49,172,178,0.898876404494382,3.914285714285714,14.730337078651685,PR,Consoles Games
de722cd6dad950a92b7d4f82673f8833,55126.3,337,377,0.9602122015915119,4.167553191489362,12.36339522546419,PE,Computers Accessories
37be5a7c751166fbc5f8ccba4119e043,54735.55,269,278,0.9748201438848921,4.323636363636363,10.16906474820144,SP,Bed Bath Table
17e34d8224d27a541263c4c64b11a56b,54440.28,247,260,0.9192307692307692,4.2015503875969,13.523076923076923,SP,Perfumery
7ddcbb64b5bc1ef36ca8c151f6ec77df,54435.66,325,334,0.9161676646706587,3.9773413897280965,12.215568862275449,SP,Cool Stuff
25c5c91f63607446a97b143d2d535d31,54208.78,156,266,0.9398496240601504,3.7339622641509433,13.556390977443609,MG,Computers Accessories
218d46b86c1881d022bce9c68a7d4b15,53710.3,382,420,0.9095238095238095,4.173444976076555,13.314285714285715,SP,Sports Leisure
ceaec5548eefc6e23e6607c5435102e7,51478.18,198,206,0.941747572815534,4.201970443349754,12.451456310679612,SP,Cool Stuff
f5a590cf36251cf1162ea35bef76fe84,51232.78,113,118,0.8983050847457628,4.279661016949152,11.347457627118644,SP,Musical Instruments
e882b2a25a10b9c057cc49695f222c19,51057.54,57,58,1.0,4.586206896551724,9.017241379310345,RJ,Home Appliances 2
2bf6a2c1e71bbd29a4ad64e6d3c3629f,50628.9,30,31,0.9032258064516129,4.193548387096774,12.774193548387096,RJ,Watches Gifts
f8db351d8c4c4c22c6835c19a46f01b0,50082.6,659,714,0.9411764705882353,4.253164556962025,9.431372549019608,SP,Housewares
b2ba3715d723d245138f291a6fe42594,49302.18,324,350,0.9142857142857143,4.204610951008646,13.48,SP,Stationery
17f51e7198701186712e53a39c564617,48019.0,56,61,0.9180327868852459,4.344262295081967,22.21311475409836,SP,Health Beauty
8160255418d5aaa7dbdc9f4c64ebda44,46368.39,380,424,0.8207547169811321,3.8544152744630074,16.36556603773585,SP,Bed Bath Table
966cb4760537b1404caedd472cc610a5,45928.26,67,67,0.9701492537313433,4.119402985074627,9.522388059701493,SP,Watches Gifts
77530e9772f57a62c906e1c21538ab82,45676.6,312,381,0.884514435695538,4.081364829396326,14.608923884514436,PR,Furniture Decor
4e922959ae960d389249c378d1c939f5,45338.42,412,446,0.8923766816143498,3.9027149321266967,14.147982062780269,SP,Computers Accessories
850f4f8af5ea87287ac68de36e29107f,45285.37,186,191,0.93717277486911,4.288770053475936,9.732984293193716,SP,Toys
c826c40d7b19f62a09e2d7c5e7295ee2,44653.04,346,365,0.9095890410958904,4.09065934065934,12.745205479452055,SP,Sports Leisure
b33e7c55446eabf8fe1a42d037ac7d6d,44215.17,149,152,0.868421052631579,4.190789473684211,15.967105263157896,SP,Watches Gifts
ba90964cff9b9e0e6f32b23b82465f7b,44212.5,38,38,0.9473684210526315,4.421052631578948,9.631578947368421,SP,Small Appliances Home Oven And Coffee
eeb6de78f79159600292e314a77cbd18,43510.84,82,83,0.963855421686747,4.421686746987952,11.590361445783133,SC,Garden Tools
c3cfdc648177fdbbbb35635a37472c53,43048.18,278,307,0.9771986970684039,4.447712418300654,9.247557003257329,PR,Sports Leisure
4d6d651bd7684af3fffabd5f08d12e5a,42999.0,363,389,0.9537275064267352,4.201030927835052,12.609254498714654,SP,Sports Leisure
b839e41795b7f3ad94cc2014a52f6796,42829.0,33,36,0.9722222222222222,4.027777777777778,6.527777777777778,SP,Construction Tools Construction
e9779976487b77c6d4ac45f75ec7afe9,42229.69,645,738,0.9254742547425474,4.204081632653061,9.387533875338754,SP,Sports Leisure
17a053fcb14bd219540cbde0df490be0,40353.24,124,148,0.918918918918919,4.226027397260274,11.56081081081081,SP,Office Furniture
d91fb3b7d041e83b64a00a3edfb37e4f,39926.39,524,525,0.9371428571428572,4.140754958413308,10.862857142857143,SP,Home Appliances
834f3294fba9f932f56edc879193f925,39907.5,66,66,0.9393939393939394,4.545454545454546,13.878787878787879,SP,Cool Stuff
391fc6631aebcf3004804e51b40bcf1e,39475.3,521,605,0.9041322314049587,3.9791666666666665,13.8,SP,Furniture Decor
712e6ed8aa4aa1fa65dab41fed5737e4,39385.0,77,85,0.788235294117647,3.4642857142857144,23.388235294117646,SC,Auto
634964b17796e64304cadf1ad3050fb7,39114.1,265,323,0.9040247678018576,3.873065015479876,14.077399380804954,RJ,Watches Gifts
2eb70248d66e0e3ef83659f71b244378,38990.72,187,197,0.8578680203045685,2.806701030927835,17.507614213197968,SP,Watches Gifts
7142540dd4c91e2237acb7e911c4eba2,37181.94,316,328,0.9207317073170732,4.061349693251533,14.271341463414634,SP,Auto
7178f9f4dd81dcef02f62acdf8151e01,36795.4,202,215,0.9534883720930233,4.046728971962617,15.162790697674419,SC,Health Beauty
ea8482cd71df3c1969d7b9473ff13abc,36696.76,1132,1188,0.8964646464646465,3.983065198983912,12.8510101010101,SP,Telephony
59417c56835dd8e2e72f91f809cd4092,36459.0,18,18,1.0,4.277777777777778,12.0,SP,Small Appliances
c70c1b0d8ca86052f45a432a38b73958,36289.15,260,336,0.9196428571428571,4.315315315315315,7.241071428571429,SP,Health Beauty
06a2c3af7b3aee5d69171b0e14f0ee87,36097.979999999996,389,402,0.763681592039801,4.022784810126582,17.271144278606965,MA,Health Beauty
c3867b4666c7d76867627c2f7fb22e21,34666.9,228,241,0.8879668049792531,4.01673640167364,14.771784232365146,SP,Sports Leisure
7299e27ed73d2ad986de7f7c77d919fa,34107.44,335,358,0.952513966480447,4.430167597765363,10.810055865921788,MG,Consoles Games
e9bc59e7b60fc3063eb2290deda4cced,33543.69,209,260,0.8730769230769231,4.0346153846153845,14.103846153846154,PR,Computers Accessories
1835b56ce799e6a4dc4eddc053f04066,33005.32,417,551,0.8947368421052632,3.6174311926605505,12.330308529945553,SP,Bed Bath Table
5c243662ce92d84573bfaff24c3e3700,32862.02,98,100,0.97,4.1313131313131315,10.27,SP,Health Beauty
dbc22125167c298ef99da25668e1011f,32829.12,394,417,0.9760191846522782,4.274038461538462,10.93285371702638,MG,Luggage Accessories
9c0e69c7bf2619675bbadf47b43f655a,32720.4,151,200,0.905,4.090909090909091,14.73,SP,Computers Accessories
2528513dd95219a6013d4d05176e391a,32660.2,160,166,0.9457831325301205,3.96319018404908,10.114457831325302,SP,Home Confort
76d5af76d0271110f9af36c92573f765,31944.6,128,155,0.9161290322580645,4.097402597402597,11.04516129032258,SP,Sports Leisure
70eea00b476a314817cefde4aad4f89a,31424.75,106,112,0.9285714285714286,4.378378378378378,12.875,SP,Sports Leisure
0241d4d5d36f10f80c644447315af0bd,31397.7,238,246,0.943089430894309,4.3061224489795915,10.463414634146341,PR,Furniture Decor
88460e8ebdecbfecb5f9601833981930,31320.4,246,300,0.8033333333333333,3.37123745819398,17.81,PR,Computers Accessories
7681ef142fd2c19048da7430856b5588,31211.81,58,76,0.881578947368421,4.162162162162162,9.881578947368421,SP,Computers
87142160b41353c4e5fca2360caf6f92,31095.98,305,339,0.943952802359882,4.362426035502959,10.330383480825958,RS,Computers Accessories
855668e0971d4dfd7bef1b6a4133b41b,30849.22,300,311,0.8617363344051447,3.8306188925081432,15.72347266881029,SP,Baby
e59aa562b9f8076dd550fcddf0e73491,30716.3,69,82,0.9146341463414634,4.329268292682927,13.304878048780488,PR,Agro Industry And Commerce
70a12e78e608ac31179aea7f8422044b,29963.53,312,323,0.891640866873065,3.794392523364486,14.235294117647058,SP,Computers Accessories
53e4c6e0f4312d4d2107a8c9cddf45cd,29587.77,463,512,0.947265625,4.080392156862745,11.57421875,SP,Housewares
d23019c84ffae2d5ef2270367b8605fc,29205.1,39,39,0.9743589743589743,4.410256410256411,10.717948717948717,PR,Musical Instruments
1554a68530182680ad5c8b042c3ab563,28979.64,246,267,0.9288389513108615,4.2679245283018865,13.576779026217228,MG,Furniture Decor
900ba814c251a692506d7834c1218441,28833.03,86,86,0.8604651162790697,4.226190476190476,12.081395348837209,SP,Health Beauty
0b90b6df587eb83608a64ea8b390cf07,28492.76,163,209,0.9665071770334929,4.016826923076923,14.004784688995215,PR,Computers Accessories
59b22a78efb79a4797979612b885db36,27184.5,125,133,0.8721804511278195,3.9696969696969697,12.045112781954888,MG,Housewares
d1c281d3ae149232351cd8c8cc885f0d,26833.61,214,239,0.9121338912133892,3.7974683544303796,11.94560669456067,SP,Bed Bath Table
b32be1695eb7ec5f10f72d9610a12527,26575.0,44,45,0.9555555555555556,4.159090909090909,11.911111111111111,RS,Kitchen Dining Laundry Garden Furniture
12b9676b00f60f3b700e83af21824c0e,26376.0,133,133,0.9849624060150376,4.537878787878788,14.631578947368421,RS,Cool Stuff
a3a38f4affed601eb87a97788c949667,26294.62,251,260,0.9538461538461539,4.403100775193798,11.976923076923077,SC,Toys
7e1fb0a3ebfb01ffb3a7dae98bf3238d,26169.53,155,169,0.863905325443787,4.155688622754491,15.14792899408284,SP,Health Beauty
de23c3b98a88888289c6f5cc1209054a,25933.670000000002,161,178,0.9101123595505618,4.314606741573034,10.314606741573034,SP,Toys
9f505651f4a6abe901a56cdc21508025,25912.84,393,426,0.9530516431924883,4.305687203791469,7.741784037558685,SP,Computers Accessories
16090f2ca825584b5a147ab24aa30c86,25579.16,398,406,0.8916256157635468,4.07196029776675,8.753694581280788,SP,Auto
b94cc9f10ddc85e4ba73a6f7974e7101,25346.1,39,39,0.9230769230769231,4.297297297297297,10.102564102564102,RJ,Toys
a416b6a846a11724393025641d4edd5e,24930.24,157,176,0.875,4.215909090909091,12.142045454545455,SP,Health Beauty
c003204e1ab016dfa150abc119207b24,24904.29,195,200,0.935,4.44,9.27,SP,Auto
1c68394e931a64f90ea236c5ea590300,24832.75,142,171,0.9649122807017544,3.9298245614035086,15.35672514619883,PR,Computers Accessories
f62d7bb4a613ec758a03342d46b580b2,24665.0,32,32,0.875,4.375,13.4375,MG,Small Appliances Home Oven And Coffee
1900267e848ceeba8fa32d80c1a5f5a8,24639.57,406,523,0.9005736137667304,3.878640776699029,12.35564053537285,SP,Bed Bath Table
001cca7ae9ae17fb1caed9dfb1094831,24487.03,195,234,0.9444444444444444,3.965367965367965,12.628205128205128,ES,Garden Tools
dc4a0fc896dc34b0d5bfec8438291c80,23655.98,225,242,0.9338842975206612,3.8161157024793386,13.293388429752065,SP,Bed Bath Table
2b3e4a2a3ea8e01938cabda2a3e5cc79,23629.15,52,54,1.0,4.388888888888889,8.12962962962963,SP,Computers Accessories
40db9e9aa57f7bb151bcda6b0f9bdbb7,23168.0,12,12,0.9166666666666666,2.3636363636363638,14.416666666666666,PE,Auto
612170e34b97004b3ba37eae81836b4c,23065.02,107,110,0.9818181818181818,4.427272727272728,10.49090909090909,RS,Watches Gifts
7b0df942f46435babab05d49b744b2c4,22600.63,32,32,0.90625,4.387096774193548,10.625,SP,Musical Instruments
1a3df491d1c4f1589fc2b934ada68bf2,22472.4,160,171,0.9473684210526315,4.242690058479532,14.526315789473685,SC,Bed Bath Table
710e3548e02bc1d2831dfc4f1b5b14d4,22369.25,131,137,0.9562043795620438,3.463235294117647,13.83941605839416,PR,Furniture Decor
744dac408745240a2c2528fb1b6028f3,22322.6,78,83,0.9879518072289156,4.554216867469879,10.662650602409638,PR,Watches Gifts
7ad32824caee82087b3e2e5f33b1bf32,22018.1,147,180,0.8722222222222222,3.785310734463277,11.0,SP,Bed Bath Table
ff69aa92bb6b1bf9b8b7a51c2ed9cf8b,21940.8,20,20,0.75,3.65,11.0,SP,Baby
f45122a9ab94eb4f3f8953578bc0c560,21764.68,184,197,0.9289340101522843,3.9238578680203045,11.949238578680204,SP,Pet Shop
897060da8b9a21f655304d50fd935913,21740.51,304,413,0.8789346246973365,3.4706601466992666,14.394673123486683,SP,Computers Accessories
06e5eefc71ec47ae763c5c6f8db7064f,21648.670000000002,90,93,0.978494623655914,3.956043956043956,10.53763440860215,RS,Computers Accessories
b1b3948701c5c72445495bd161b83a4c,21519.5,14,14,0.35714285714285715,1.9285714285714286,22.928571428571427,SP,Auto
8444e55c1f13cd5c179851e5ca5ebd00,21480.96,92,102,0.8921568627450981,3.156862745098039,20.784313725490197,MG,Perfumery
05ff92fedb5be47920fea08e501238b9,21235.98,57,60,0.95,4.283333333333333,11.783333333333333,RS,Cool Stuff
8f2ce03f928b567e3d56181ae20ae952,21213.2,151,172,0.8546511627906976,4.116959064327485,13.970930232558139,SP,Sports Leisure
59fb871bf6f4522a87ba567b42dafecf,21178.600000000002,123,125,0.936,4.256,11.56,SP,Health Beauty
d2374cbcbb3ca4ab1086534108cc3ab7,20926.02,514,620,0.9467741935483871,3.690864600326264,13.80967741935484,SP,Bed Bath Table
00ee68308b45bc5e2660cd833c3f81cc,20260.0,135,172,0.9186046511627907,4.3274853801169595,8.732558139534884,SP,Bed Bath Table
48162d548f5b1b11b9d29d1e01f75a61,20109.39,66,89,0.9775280898876404,3.8202247191011236,10.764044943820224,SP,Garden Tools
729f06993dac8e860d4f02d7088ca48a,19885.18,94,113,0.9026548672566371,4.330357142857143,10.336283185840708,SP,Housewares
004c9cd9d87a3c30c522c48c4fc07416,19569.73,156,168,0.9226190476190477,4.156626506024097,13.958333333333334,SP,Bed Bath Table
bfd27a966d91cfaafdb25d076585f0da,19225.0,114,115,0.9478260869565217,4.324561403508772,11.904347826086957,SP,Toys
dc317f341ab0e22f39acbd9dbf9b4a1f,18988.4,55,58,0.9482758620689655,4.120689655172414,11.758620689655173,RS,Cool Stuff
96493fab2fbb13a14d0c0e8772eef5c3,18969.0,63,64,0.9375,4.031746031746032,12.890625,SP,Computers Accessories
f457c46070d02cadd8a68551231220dd,18798.3,195,230,0.9347826086956522,3.8013100436681224,14.030434782608696,PR,Computers Accessories
0dd184061fb0eaa7ca37932c68ab91c5,18446.92,161,193,0.9015544041450777,3.953125,10.813471502590673,SP,Industry Commerce And Business
44073f8b7e41514de3b7815dd0237f4f,18380.64,142,151,0.9536423841059603,3.7466666666666666,12.741721854304636,DF,Health Beauty
d650b663c3b5f6fb392b6326366efa9a,18335.9,57,57,0.9298245614035088,4.368421052631579,9.31578947368421,SP,Watches Gifts
cd68562d3f44870c08922d380acae552,18119.7,122,129,0.7984496124031008,3.90625,16.286821705426355,SP,Sports Leisure
527801b552d0077ffd170872eb49683b,17942.8,90,92,0.9021739130434783,4.483516483516484,12.521739130434783,SP,Books General Interest
821fb029fc6e495ca4f08a35d51e53a5,17851.62,24,25,0.64,3.5,15.96,SP,Sports Leisure
a888faf2d1baececa6baf9c3d603ee1f,17564.8,53,54,0.8518518518518519,4.111111111111111,17.38888888888889,PR,Perfumery
9de4643a8dbde634fe55621059d92273,17560.34,72,81,0.9382716049382716,4.530864197530864,14.444444444444445,SC,Housewares
c72de06d72748d1a0dfb2125be43ba63,17522.0,21,22,1.0,4.454545454545454,9.136363636363637,BA,Computers Accessories
165fc07beebdcb6190fba8a06db2a449,17481.4,50,64,0.875,3.6875,13.1875,PR,Computers Accessories
94144541854e298c2d976cb893b81343,17286.28,68,76,0.9605263157894737,4.333333333333333,11.828947368421053,RS,Health Beauty
8b321bb669392f5163d04c59e235e066,17262.94,930,1005,0.8975124378109453,4.021978021978022,12.172139303482586,SP,Electronics
1e8b33f18b4f7598d87f5cbee2282cc2,17233.56,122,139,0.9568345323741008,4.306569343065694,7.359712230215828,SP,Bed Bath Table
0c8380b62e38e8a1e6adbeba7eb9688c,17228.99,180,218,0.9495412844036697,4.060185185185185,12.059633027522937,MG,Bed Bath Table
54a1852d1b8f10312c55e906355666ee,17056.46,198,202,0.900990099009901,4.3681592039801,11.074257425742575,SP,Sports Leisure
abe42c5d03695b4257b5c6cbf4e6784e,17000.0,49,49,0.8367346938775511,3.9583333333333335,13.877551020408163,RJ,Health Beauty
76d64c4aca3a7baf218bf93ef7fa768d,16911.8,64,69,0.9710144927536232,4.1231884057971016,10.231884057971014,PR,Toys
c3acdfac4e3e97ff87529454fbc03642,16788.0,12,12,0.9166666666666666,4.25,10.75,SP,Watches Gifts
8ae520247981aa06bc94abddf5f46d34,16320.99,65,65,0.9846153846153847,4.446153846153846,10.492307692307692,SC,Watches Gifts
41b39e28db005d9731d9d485a83b4c38,16306.75,187,223,0.9417040358744395,4.242152466367713,12.0,SP,Bed Bath Table
4a3ccda38b2129705f3fb522db62ca31,16169.09,64,73,0.9041095890410958,3.8013698630136985,12.835616438356164,SP,Construction Tools Safety
ef0ace09169ac090589d85746e3e036f,16105.400000000001,128,139,0.920863309352518,4.366906474820144,12.093525179856115,RJ,Perfumery
1f1bb1f0859883505541bdd6606193e5,16040.84,27,29,0.896551724137931,4.310344827586207,13.758620689655173,SP,Fashion Bags Accessories
7aa4334be125fcdd2ba64b3180029f14,16012.949999999999,214,237,0.8649789029535865,4.080508474576271,15.514767932489452,SP,Toys
fa40cc5b934574b62717c68f3d678b6d,15900.48,304,337,0.9406528189910979,4.446428571428571,10.691394658753708,SP,Toys
86ccac0b835037332a596a33b6949ee1,15894.34,178,208,0.9711538461538461,4.031400966183575,11.413461538461538,SC,Watches Gifts
4b9750c8ad28220fe6702d4ecb7c898f,15815.4,217,221,0.9230769230769231,4.352941176470588,8.950226244343892,SP,Baby
d921b68bf747894be13a97ae52b0f386,15645.8,77,77,0.987012987012987,4.558441558441558,9.493506493506494,MG,Watches Gifts
6061155addc1e54b4cfb51c1c2a32ad8,15633.4,28,33,0.9696969696969697,4.696969696969697,5.393939393939394,SP,Pet Shop
0adac9fbd9a2b63cccaac4f8756c1ca8,15557.6,106,134,0.9477611940298507,4.007462686567164,12.343283582089553,SP,Housewares
2a5b78b41cd05baeac8df54c6606b92c,15554.28,46,56,0.9821428571428571,4.303571428571429,8.892857142857142,MG,Health Beauty
c33847515fa6305ce6feb1e818569f13,15519.85,114,128,0.953125,3.71875,9.0625,SC,Bed Bath Table
229c3efbfb0ea2058de4ccdfbc3d784a,15479.0,118,145,0.9793103448275862,3.6433566433566433,10.386206896551725,MG,Computers Accessories
e5a38146df062edaf55c38afa99e42dc,15270.89,120,124,0.9112903225806451,3.967479674796748,11.766129032258064,SP,Health Beauty
c847e075301870dd144a116762eaff9a,15248.800000000001,41,42,0.9047619047619048,4.195121951219512,16.261904761904763,MG,Cool Stuff
85d9eb9ddc5d00ca9336a2219c97bb13,15107.24,499,512,0.96484375,4.210216110019647,14.267578125,MG,Computers Accessories
213b25e6f54661939f11710a6fddb871,15105.95,152,190,0.8894736842105263,3.823529411764706,14.784210526315789,SP,Home Construction
f9244d45189d3a3605499abddeade7d5,15081.439999999999,20,20,1.0,4.35,14.6,SP,Small Appliances
2a84855fd20af891be03bc5924d2b453,14989.0,155,159,0.9685534591194969,4.360759493670886,8.081761006289309,MG,Stationery
01fdefa7697d26ad920e9e0346d4bd1b,14802.53,128,130,0.9384615384615385,4.372093023255814,10.276923076923078,PR,Health Beauty
79ebd9a61bac3eaf882805ed4ecfa12a,14783.09,133,140,0.9428571428571428,4.014285714285714,14.82857142857143,PR,Furniture Decor
080199a181c46c657dc5aa235411be3b,14504.2,79,83,0.9759036144578314,4.609756097560975,7.626506024096385,SP,Auto
4c2b230173bb36f9b240f2b8ac11786e,14474.57,258,343,0.9096209912536443,3.75811209439528,12.379008746355685,SP,Sports Leisure
a5cba26a62b8b4d0145b68b841e62e7f,14438.84,53,54,0.9814814814814815,4.574074074074074,12.796296296296296,PR,Health Beauty
1b4c3a6f53068f0b6944d2d005c9fc89,14420.5,111,115,0.9391304347826087,4.140350877192983,13.808695652173913,SC,Housewares
5cf13accae3222c70a9cac40818ae839,14293.300000000001,148,155,0.967741935483871,4.461038961038961,10.148387096774194,MG,Pet Shop
66922902710d126a0e7d26b0e3805106,14267.3,150,155,0.9290322580645162,4.474025974025974,10.961290322580645,MG,Pet Shop
8e6d7754bc7e0f22c96d255ebda59eba,14107.380000000001,84,129,0.875968992248062,2.988372093023256,13.565891472868216,SP,Computers Accessories
aba1721a889e04decc910aa13b768ef4,14103.3,83,92,0.8913043478260869,4.456521739130435,8.804347826086957,SP,Stationery
f08a5b9dd6767129688d001acafc21e5,14069.630000000001,11,18,0.7777777777777778,3.4444444444444446,18.77777777777778,RS,Agro Industry And Commerce
c6bda72e4dbf5c5866b13cb1810c6d03,14059.380000000001,59,59,0.9661016949152542,4.398305084745763,9.745762711864407,SP,Baby
2e90cb1677d35cfe24eef47d441b7c87,13894.710000000001,127,137,0.8759124087591241,4.036496350364963,11.64963503649635,SP,Electronics
3b15288545f8928d3e65a8f949a28291,13764.82,101,118,0.9322033898305084,3.948717948717949,13.796610169491526,SP,Bed Bath Table
b8bc237ba3788b23da09c0f1f3a3288c,13685.710000000001,45,47,0.9787234042553191,4.3478260869565215,11.48936170212766,SC,Housewares
d94a40fd42351c259927028d163af842,13674.8,100,109,0.963302752293578,4.132075471698113,13.238532110091743,MG,Housewares
a6bd7d1ccdac48c6b33b28596b7eb122,13669.11,15,15,0.8666666666666667,3.5,15.333333333333334,PB,Watches Gifts
610f72e407cdd7caaa2f8167b0163fd8,13585.16,16,17,0.8823529411764706,3.7058823529411766,12.0,SP,Bed Bath Table
ce248b21cb2adc36282ede306b7660e5,13560.19,64,65,0.8923076923076924,4.246153846153846,15.184615384615384,SC,Musical Instruments
6039e27294dc75811c0d8a39069f52c0,13500.8,63,74,0.7432432432432432,3.864864864864865,17.472972972972972,SP,Electronics
6d66611d7c44cc30ce351abc49a68421,13428.6,164,174,0.9310344827586207,3.9302325581395348,11.632183908045977,SP,Musical Instruments
34d1ca11b242c0fee2c834ae8d788566,13422.24,40,41,1.0,4.3,12.634146341463415,MG,Computers Accessories
289cdb325fb7e7f891c38608bf9e0962,13410.55,109,125,0.984,4.592,6.192,SP,Perfumery
a3e9a2c700480d9bb01fba070ba80a0e,13371.8,129,143,0.9020979020979021,4.028368794326241,12.636363636363637,SP,Bed Bath Table
a673821011d0cec28146ea42f5ab767f,13366.0,125,141,0.8865248226950354,3.922222222222222,12.02127659574468,SP,Bed Bath Table
240b9776d844d37535668549a396af32,13332.09,35,35,0.9428571428571428,4.3428571428571425,10.971428571428572,RJ,Telephony
1f9ab4708f3056ede07124aad39a2554,13312.93,76,77,0.948051948051948,4.105263157894737,14.051948051948052,SP,Baby
8cc6a0e5738e61a87b03c78b2ba9db4b,13272.7,23,24,0.9166666666666666,4.416666666666667,16.125,MG,Stationery
d05ae8f7a5bd1d2a690a44cd079e4e27,13244.0,77,80,0.9125,3.8227848101265822,10.775,RJ,Sports Leisure
0b35c634521043bf4b47e21547b99ab5,13235.65,50,77,0.8831168831168831,3.526315789473684,16.92207792207792,PR,Construction Tools Construction
669ae81880e08f269a64487cfb287169,13133.87,161,185,0.9621621621621622,4.1521739130434785,11.497297297297298,SC,Sports Leisure
05f51e13da97139648b8125c31e5f51b,13100.31,57,60,0.85,4.25,11.916666666666666,MG,Baby
440dd6ab244315c632130ecfb63827b1,13089.0,91,92,0.8695652173913043,3.891304347826087,16.22826086956522,SP,Sports Leisure
d50d79cb34e38265a8649c383dcffd48,13012.42,70,70,0.9285714285714286,4.246376811594203,12.628571428571428,SP,Garden Tools
c31eff8334d6b3047ed34bebd4d62c36,12991.61,120,121,0.859504132231405,3.875,12.272727272727273,SP,Art
431af27f296bc6519d890aa5a05fdb11,12974.6,116,124,0.8467741935483871,3.796747967479675,16.483870967741936,SP,Health Beauty
6edacfd9f9074789dad6d62ba7950b9c,12966.4,205,216,0.9444444444444444,4.393518518518518,8.550925925925926,SP,Furniture Decor
9e6229250fedbe05838fef417b74e7fb,12962.300000000001,73,77,0.961038961038961,3.896103896103896,11.324675324675324,SP,Baby
e24fc9fcd865784fb25705606fe3dfe7,12768.0,51,55,0.9272727272727272,4.181818181818182,12.181818181818182,SP,Health Beauty
ed4acab38528488b65a9a9c603ff024a,12759.45,32,40,0.9743589743589743,3.725,8.717948717948717,SP,Computers Accessories
00fc707aaaad2d31347cf883cd2dfe10,12684.9,103,135,0.9555555555555556,3.791044776119403,15.348148148148148,PR,Computers Accessories
530ec6109d11eaaf87999465c6afee01,12682.11,94,101,0.9900990099009901,4.316831683168317,10.306930693069306,PR,Sports Leisure
75d34ebb1bd0bd7dde40dd507b8169c3,12656.33,57,67,0.8507462686567164,3.985074626865672,15.582089552238806,BA,Telephony
99eaacc9e6046db1c82b163c5f84869f,12642.28,63,67,0.8955223880597015,4.014925373134329,14.522388059701493,SP,Telephony
b372ee768ed69e46ca8cdbd267aa7a38,12630.0,63,69,1.0,4.398550724637682,11.971014492753623,SP,Fashion Bags Accessories
cfb1a033743668a192316f3c6d1d2671,12609.54,143,179,0.8938547486033519,4.025280898876405,11.430167597765363,SP,Bed Bath Table
1ca7077d890b907f89be8c954a02686a,12474.64,108,127,0.8031496062992126,2.2698412698412698,14.511811023622048,SP,Telephony
ad97a199236354e53fcd91a5a913e9a2,12446.85,16,17,0.8823529411764706,4.470588235294118,14.823529411764707,SC,Small Appliances
ac3508719a1d8f5b7614b798f70af136,12446.140000000001,101,101,0.9702970297029703,4.64,8.930693069306932,RS,Toys
2b1a40c1daabc6ca280c4b815c101841,12342.6,22,33,0.9696969696969697,3.787878787878788,13.363636363636363,MG,Auto
d6b1ce66b035a475f00c017792ff9769,12277.4,92,108,0.9259259259259259,4.165048543689321,9.685185185185185,SP,Construction Tools Lights
fbc14c0cf93505ef89f64665ffa4a7b5,12227.82,18,18,0.9444444444444444,4.176470588235294,11.61111111111111,SP,Fixed Telephony
6e386f64c84e482f0b9abf960797ee1b,12209.3,29,29,0.896551724137931,4.607142857142857,9.862068965517242,SP,Health Beauty
056b4ada5bbc2c50cc7842547dda6b51,12203.400000000001,64,65,0.8923076923076924,4.15625,12.307692307692308,RJ,Watches Gifts
c66dccfb3f109511246da627dd5a2498,12182.55,44,44,0.9545454545454546,4.568181818181818,10.886363636363637,SP,Watches Gifts
2e1c9f22be269ef4643f826c9e650a52,12170.24,161,167,0.9341317365269461,4.234939759036145,9.293413173652695,SP,Health Beauty
c8b0e2b0a7095e5d8219575d5e7e1181,12170.210000000001,84,85,0.9294117647058824,4.0476190476190474,9.670588235294117,SP,Auto
66e0557ecc2b4dbea057e93f215f68d8,12141.0,30,30,0.7333333333333333,4.033333333333333,31.3,SP,Consoles Games
87b740daf17b5d1be335a64164ec6842,12099.89,11,11,0.9090909090909091,3.727272727272727,17.636363636363637,SP,Sports Leisure
2138ccb85b11a4ec1e37afbd1c8eda1f,12089.22,388,419,0.9451073985680191,3.916267942583732,10.742243436754176,SP,Telephony
7202e2ba20579a9bd1acb29e61fe71f6,12085.699999999999,51,53,0.9433962264150944,3.9423076923076925,12.754716981132075,SP,Telephony
70c27847eca8195c983ed7e798c56743,12077.52,77,98,0.9081632653061225,4.204081632653061,10.408163265306122,RJ,Pet Shop
ff063b022a9a0aab91bad2c9088760b7,12076.5,94,96,0.96875,4.28421052631579,8.927083333333334,SP,Furniture Decor
a7f13822ceb966b076af67121f87b063,12017.69,73,84,0.9404761904761905,3.4939759036144578,21.523809523809526,SP,Office Furniture
8b8cfc8305aa441e4239358c9f6f2485,11892.0,15,15,0.8666666666666667,4.2,12.066666666666666,PR,Cool Stuff
701938c450705b8ae65fc923b70f35c7,11879.289999999999,74,111,0.9459459459459459,3.7545454545454544,11.963963963963964,SP,Furniture Living Room
7901646fdd36a55f564ffaf2dbccaaf7,11857.08,22,27,0.8518518518518519,4.444444444444445,9.37037037037037,RJ,Garden Tools
09f952a5f58d2285b0372551ae8f9b01,11821.5,50,56,0.9464285714285714,3.875,12.660714285714286,SP,Furniture Decor
48436dade18ac8b2bce089ec2a041202,11821.11,134,147,0.9319727891156463,4.129251700680272,13.72108843537415,SP,Cool Stuff
adbc26658d6c7b4b6219f9d934598091,11806.4,88,92,0.8478260869565217,4.054347826086956,16.804347826086957,PR,Baby
72c5da29406b4234927b81855e7b64f6,11798.69,31,31,0.967741935483871,4.129032258064516,10.258064516129032,SP,Construction Tools Construction
128639473a139ac0f3e5f5ade55873a5,11795.849999999999,527,554,0.9368231046931408,4.202554744525547,13.96028880866426,PR,Electronics
ce7d1888639e6fb06b2749cbfdac1ff7,11793.89,78,84,0.9166666666666666,4.107142857142857,13.726190476190476,MG,Housewares
e8b3a3a38279a82f0e5d006d5e5b7d2c,11762.4,80,85,0.9529411764705882,3.929411764705882,16.48235294117647,PR,Consoles Games
bba3293d6f5d5af2f415e004e8b93ae3,11702.1,17,17,0.9411764705882353,4.294117647058823,11.705882352941176,SP,Health Beauty
e26901d5ab434ce92fd9b5c256820a4e,11601.5,197,215,0.9767441860465116,4.144186046511628,8.78139534883721,SP,Garden Tools
25e6ffe976bd75618accfe16cefcbd0d,11552.62,106,115,0.9478260869565217,4.417391304347826,9.417391304347825,SP,Toys
c4d51195486dc781531876a7d00453d8,11468.98,17,17,0.7058823529411765,3.9411764705882355,23.11764705882353,SP,Telephony
d1b65fc7debc3361ea86b5f14c68d2e2,11413.17,39,40,0.95,4.65,8.625,SP,Luggage Accessories
b4f8921fcc4ff77b66bea6dda43dcd51,11395.05,18,20,0.95,4.6,7.1,RS,Bed Bath Table
0be8ff43f22e456b4e0371b2245e4d01,11336.0,156,175,0.9371428571428572,3.9657142857142857,9.851428571428572,SP,Sports Leisure
c60b801f2d52c7f7f91de00870882a75,11296.5,39,39,0.7948717948717948,3.4358974358974357,15.512820512820513,SP,Watches Gifts
1d8dbc4f32378d715c717c1c1fc57bae,11205.99,91,97,0.9072164948453608,3.9263157894736844,15.051546391752577,PR,Baby
6cd68b3ed6d59aaa9fece558ad360c0a,11188.57,149,157,0.9808917197452229,4.445859872611465,9.961783439490446,MG,Luggage Accessories
cab85505710c7cb9b720bceb52b01cee,11124.6,201,204,0.9754901960784313,4.33743842364532,9.715686274509803,SP,Fashion Bags Accessories
80e6699fe29150b372a0c8a1ebf7dcc8,11119.66,96,98,0.9591836734693877,4.350515463917525,11.03061224489796,PR,Sports Leisure
ccb83a794700270fde70898fe9ff368b,11062.0,12,12,0.8333333333333334,4.333333333333333,16.083333333333332,SC,Sports Leisure
5a8e7d5003a1f221f9e1d6e411de7c23,11042.1,137,179,0.9385474860335196,4.189944134078212,10.016759776536313,SP,Furniture Decor
8d956fec2e4337affcb520f56fd8cbfd,10988.2,210,227,0.9030837004405287,4.202643171806168,8.832599118942731,SP,Sports Leisure
95e03ca3d4146e4011985981aeb959b9,10865.16,172,190,0.968421052631579,4.013297872340425,11.878947368421052,RJ,Housewares
7ea5bfa6c340f58f8e71fc1f0412b0d6,10838.41,96,102,0.9313725490196079,4.138613861386139,12.343137254901961,MG,Baby
813348c996469b40f2e028d5429d3495,10813.53,172,195,0.9538461538461539,4.005208333333333,9.712820512820512,SP,Housewares
82e0a475a88cc9595229d8029273f045,10748.02,41,79,0.9367088607594937,3.3797468354430378,14.810126582278482,SP,Furniture Decor
23d7c96d4a1160db1c726b248601b25a,10658.24,50,52,0.8846153846153846,3.93,12.826923076923077,SP,Cool Stuff
c9c7905cffc4ef9ff9f113554423e671,10657.18,127,139,0.8848920863309353,4.158273381294964,10.56115107913669,SP,Telephony
dd2bdf855a9172734fbc3744021ae9b9,10607.0,105,110,0.9454545454545454,3.8173076923076925,14.745454545454546,MG,Bed Bath Table
0ea22c1cfbdc755f86b9b54b39c16043,10592.1,234,265,0.9849056603773585,4.342911877394636,10.50943396226415,MG,Fashion Bags Accessories
c864036feaab8c1659f65ea4faebe1da,10454.2,58,58,0.9655172413793104,4.568965517241379,11.793103448275861,PR,Sports Leisure
6973a06f484aacf400ece213dbf3d946,10418.72,89,108,0.8333333333333334,3.6728971962616823,14.592592592592593,SP,Computers Accessories
54965bbe3e4f07ae045b90b0b8541f52,10351.7,73,81,0.6790123456790124,3.0657894736842106,26.234567901234566,PR,Bed Bath Table
ea566164622c6b439516ab18062c42cd,10309.42,50,52,0.7692307692307693,3.75,13.807692307692308,SP,Health Beauty
33a6f4b1e7cdc205511e76ba1b6e0186,10295.01,105,126,0.9841269841269841,4.357142857142857,8.087301587301587,SP,Bed Bath Table
f262cbc1c910c83959f849465454ddd3,10199.86,189,204,0.9068627450980392,4.1182266009852215,8.504901960784315,SP,Computers Accessories
1c5e4e49b9079480255b49d50aac1aa9,10173.11,12,12,1.0,4.333333333333333,8.333333333333334,SP,Bed Bath Table
b499c00f28f4b7069ff6550af8c1348a,10162.18,147,182,0.8901098901098901,4.230769230769231,10.423076923076923,SP,Furniture Decor
c510bc1718f0f2961eaa42a23330681a,10141.0,12,12,1.0,4.25,6.583333333333333,SP,Baby
9d5a9018aee56acb367ba9c3f05d1d6a,10119.98,66,78,0.9871794871794872,4.435897435897436,13.91025641025641,GO,Baby
7b1222c3624aa89b9558b50a2594188c,10103.52,22,22,0.8636363636363636,4.454545454545454,17.272727272727273,SP,Toys
5882820ef11c4c068eea0677a7a879b4,9925.5,14,14,0.9285714285714286,4.153846153846154,14.428571428571429,RS,Furniture Decor
0df3984f9dfb3d49ac6366acbd3bbb85,9891.49,86,88,0.9886363636363636,4.340909090909091,9.136363636363637,MG,Health Beauty
9d4db00d65d7760644ac0c14edb5fd86,9845.710000000001,97,99,0.9595959595959596,4.540816326530612,7.656565656565657,SP,Toys
5343d0649eca2a983820bfe93fc4d17e,9819.02,70,110,0.9090909090909091,3.638888888888889,10.809090909090909,SP,Furniture Decor
f3b80352b986ab4d1057a4b724be19d0,9815.1,86,91,1.0,4.164835164835165,10.087912087912088,DF,Health Beauty
5058e8c1e82653974541e83690655b4a,9812.83,62,77,0.8701298701298701,3.08,25.935064935064936,SP,Office Furniture
bd23da7354813347129d751591d1a6e2,9704.6,86,87,0.9540229885057471,4.127906976744186,9.379310344827585,SP,Furniture Decor
17ca9b9e9b9ef8fdb529001b49ebb50f,9649.86,115,128,0.9765625,4.03125,7.6015625,MG,Bed Bath Table
e96498ed8daaa3e9c23f7a62da76591c,9619.09,34,34,0.8529411764705882,3.9411764705882355,14.735294117647058,SP,Auto
e7df4cd29ab5abab70fb0783ddb53987,9608.699999999999,23,24,0.8333333333333334,4.291666666666667,9.791666666666666,SP,Fashion Sport
b2ac621f0d0322434d04a12b078b9369,9575.5,30,30,0.9,4.4,14.2,PR,Health Beauty
ef506c96320abeedfb894c34db06f478,9556.5,316,332,0.9126506024096386,3.930091185410334,12.792168674698795,SP,Telephony
1c129092bf23f28a5930387c980c0dfc,9528.619999999999,200,219,0.9497716894977168,4.18348623853211,11.127853881278538,SP,Bed Bath Table
4830e40640734fc1c52cd21127c341d4,9490.5,204,212,0.9339622641509434,4.183962264150943,9.523584905660377,SP,Housewares
3db66a856d18a9cba7c9241fc5221c50,9478.300000000001,94,97,0.8865979381443299,4.185567010309279,15.360824742268042,MG,Sports Leisure
ce27a3cc3c8cc1ea79d11e561e9bebb6,9465.45,122,151,0.9801324503311258,4.118110236220472,9.66225165562914,SP,Computers Accessories
01cf7e3d21494c41fb86034f2e714fa1,9439.56,59,65,0.9538461538461539,4.1875,11.076923076923077,PR,Air Conditioning
3c487ae8f8d7542beff5788e2e0aea83,9385.699999999999,30,33,0.9696969696969697,3.909090909090909,13.090909090909092,DF,Fashion Bags Accessories
31344c16881c08a8a72c6d2eb29918c1,9365.8,42,42,0.9523809523809523,4.428571428571429,15.238095238095237,MG,Furniture Decor
aaed1309374718fdd995ee4c58c9dfcd,9345.45,104,111,0.972972972972973,4.045045045045045,11.702702702702704,SC,Sports Leisure
270297ead4c65a6cd2593960d2af6b21,9344.4,17,19,1.0,3.736842105263158,14.0,SP,Furniture Decor
81a1104df0f08b59c68aa5b03cfe398e,9320.98,72,72,0.9444444444444444,4.314285714285714,12.375,PR,Garden Tools
7b07b3c7487f0ea825fc6df75abd658b,9259.47,91,96,0.9583333333333334,4.395833333333333,9.03125,SP,Sports Leisure
ca3bd7cd9f149df75950150d010fe4a2,9253.47,68,135,0.9777777777777777,3.785185185185185,13.296296296296296,SP,Housewares
aafe36600ce604f205b86b5084d3d767,9251.4,129,131,0.9541984732824428,4.3816793893129775,11.98473282442748,SC,Baby
d71d863e5ef30d94e440c11be17dcd8f,9246.9,23,30,0.9,3.5714285714285716,19.333333333333332,SP,Construction Tools Safety
7040e82f899a04d1b434b795a43b4617,9213.7,208,223,0.9103139013452914,3.5863636363636364,9.802690582959642,SP,Audio
cb8bcce248bb1fb274ba762d8b971456,9152.4,66,67,0.9850746268656716,4.343283582089552,12.074626865671641,MG,Cool Stuff
dd7ddc04e1b6c2c614352b383efe2d36,9148.61,121,142,0.852112676056338,3.780141843971631,14.352112676056338,SP,Pet Shop
6c12e40690c335dbc2f68a4134d30dc1,9139.2,16,18,1.0,4.0625,13.722222222222221,PR,Sports Leisure
0db783cfcd3b73998abc6e10e59a102f,9077.4,132,137,0.9635036496350365,4.213235294117647,11.197080291970803,SP,Telephony
06df0c10d34e459d9672bc77388742eb,9070.0,26,30,0.9,4.366666666666666,9.2,PR,Sports Leisure
048c2757535328e0d7dac690ad3c0aae,9065.08,50,50,0.86,4.244897959183674,18.04,SP,Fashion Shoes
5b8154610ebb21fb90eb587365e673df,9048.05,37,40,0.85,4.175,12.75,SP,Computers Accessories
624f4ece8da4aafb77699233d480f8ef,9046.0,52,54,0.9259259259259259,4.185185185185185,13.018518518518519,SP,Furniture Decor
4e7c18b98d84e05cbae3ff0ff03846c2,9038.9,81,88,0.9545454545454546,4.172413793103448,11.579545454545455,SP,Small Appliances
8b28d096634035667e8263d57ba3368c,9025.3,139,151,0.8675496688741722,3.8986486486486487,13.874172185430464,SP,Health Beauty
403aa86912527d730337ffcb0fb096ab,8959.89,11,11,1.0,4.0,10.636363636363637,MG,Telephony
066a6914e1ebf3ea95a216c73a986b91,8956.380000000001,66,72,0.9583333333333334,3.9722222222222223,13.63888888888889,PR,Sports Leisure
f27e33c6d29b5138fa9967bcd445b6d5,8888.3,93,98,0.8979591836734694,4.091836734693878,12.061224489795919,SP,Pet Shop
32b8764b4ef628b53608fc34011fcc13,8884.0,36,38,0.9210526315789473,4.2368421052631575,10.868421052631579,SC,Housewares
5f2684dab12e59f83bef73ae57724e45,8870.970000000001,67,73,0.9452054794520548,3.7534246575342465,9.849315068493151,SP,Toys
d03698c2efd04a549382afa6623e27fb,8865.47,18,21,0.9523809523809523,4.523809523809524,15.142857142857142,BA,Computers Accessories
f80edd2c5aaa505cc4b0a3b219abf4b8,8855.5,116,125,0.936,4.137096774193548,11.656,SP,Kitchen Dining Laundry Garden Furniture
8e8a7ce9f2f970dc00e2acf6f6e199f6,8821.0,63,64,0.90625,4.015625,11.8125,RJ,Computers Accessories
af4a0e4cfe1d9c26b6712b1be25a72e5,8757.98,21,26,0.9230769230769231,3.5,12.384615384615385,MG,Computers Accessories
9b013e03b2ab786505a1d3b5c0756754,8714.55,170,220,0.9454545454545454,4.0607476635514015,7.577272727272727,SP,Health Beauty
6d803cb79cc31c41c4c789a75933b3c7,8711.4,58,66,0.9393939393939394,4.28030303030303,12.469696969696969,SP,Sports Leisure
1da3aeb70d7989d1e6d9b0e887f97c23,8691.56,261,324,0.9506172839506173,4.080495356037152,7.8734567901234565,SP,Sports Leisure
b1a81260566c1bac3114a6d124413f27,8684.69,51,54,0.9814814814814815,4.222222222222222,8.074074074074074,RS,Luggage Accessories
562fc2f2c2863ab7e79a9e4388a58a14,8659.25,255,265,0.9660377358490566,4.247148288973384,10.80377358490566,SP,Telephony
a49928bcdf77c55c6d6e05e09a9b4ca5,8646.900000000001,96,104,0.75,2.9711538461538463,16.51923076923077,SP,Toys
17306570e772e7718c92a562d33f5f1d,8640.0,27,30,0.9333333333333333,3.7666666666666666,13.5,SP,Bed Bath Table
fffd5413c0700ac820c7069d66d98c89,8535.0,57,58,0.8620689655172413,3.912280701754386,13.327586206896552,SP,Housewares
6c7d50c24b3ccd2fd83b44d8bb34e073,8445.960000000001,112,126,0.9841269841269841,4.44,11.634920634920634,SP,Furniture Decor
259f7b5e6e482c230e5bfaa670b6bb8f,8393.14,136,162,0.9814814814814815,4.273291925465839,8.123456790123457,SP,Bed Bath Table
054694fa03fe82cec4b7551487331d74,8286.1,20,21,0.7142857142857143,3.2857142857142856,29.714285714285715,SP,Small Appliances
db2956745b3a8e9f3785c99f34b5d25e,8261.0,45,46,0.8913043478260869,3.8043478260869565,13.978260869565217,SP,Health Beauty
b92e3c8f9738272ff7c59e111e108d7c,8231.09,62,70,0.9714285714285714,4.057142857142857,15.914285714285715,MG,Furniture Decor
cbd996ad3c1b7dc71fd0e5f5df9087e2,8217.5,160,189,0.9153439153439153,4.132596685082873,12.34920634920635,SP,Food
4371b634e0efc0e22b09b52907d9d469,8168.0,101,111,0.9279279279279279,4.4363636363636365,10.315315315315315,SP,Sports Leisure
67883baaae6134ee81b271a542613728,8167.9,19,19,0.8421052631578947,4.105263157894737,5.368421052631579,SP,Watches Gifts
86bb7c4b535e49a541baf3266b1c95b1,8162.4,16,16,0.8125,3.2,19.8125,SP,Toys
fdb9095204a334cd8872252ffec6f2db,8156.0,46,61,0.9508196721311475,4.139344262295082,8.37704918032787,SP,Bed Bath Table
52d76513f0c4d97f3b99570e2c94ee31,8153.1,19,28,0.9642857142857143,3.88,11.357142857142858,RS,Industry Commerce And Business
33a17d60c64393351ebf1ef860f4e0f2,8152.4800000000005,43,47,0.9787234042553191,4.617021276595745,10.127659574468085,RS,Housewares
93dc87703c046b603023e75222018b45,8149.35,33,34,0.9117647058823529,4.15625,19.235294117647058,MG,Watches Gifts
784ba75dd9d20200c4caed3d7a77141a,8142.33,19,22,0.9090909090909091,3.840909090909091,12.909090909090908,SP,Stationery
4bfc7a4a1cf8d4d2121c27422d9e50b5,8124.4,26,40,0.975,4.225,7.525,SP,Housewares
7d456afc660226829370f3173d14520c,8118.25,55,89,0.9438202247191011,4.258426966292135,8.640449438202246,SP,Bed Bath Table
6c177e38df6d3f34182b1f1d427231bf,8112.89,53,54,0.9629629629629629,4.148148148148148,13.87037037037037,PR,Telephony
fcb5ace8bcc92f75707dc0f01a27d269,8009.35,59,70,0.9714285714285714,3.898550724637681,9.942857142857143,SP,Cool Stuff
b1fc4f64df5a0e8b6913ab38803c57a9,7994.74,107,121,0.8842975206611571,3.7815126050420167,15.256198347107437,RJ,Watches Gifts
903037660cf848a717166eb7a06d616e,7935.18,44,59,0.847457627118644,3.8135593220338984,11.101694915254237,SP,Furniture Decor
5656537e588803a555b8eb41f07a944b,7931.26,171,185,0.9243243243243243,3.8216216216216217,10.989189189189188,DF,Electronics
3078096983cf766a32a06257648502d1,7910.84,56,61,0.9508196721311475,4.295081967213115,11.62295081967213,SP,Toys
972d0f9cf61b499a4812cf0bfa3ad3c4,7910.42,81,86,0.8837209302325582,2.9642857142857144,17.75581395348837,SC,Bed Bath Table
750303a20e9c56b2a6bc45cdce0b897d,7876.0,53,56,0.9642857142857143,4.339285714285714,13.160714285714286,GO,Sports Leisure
bbf9ad41dca6603e614efcdad7aab8c4,7846.0,14,14,1.0,4.5,13.428571428571429,CE,Health Beauty
725c32fa80c2faacc4fc88450d27314e,7838.88,89,93,0.989247311827957,4.538461538461538,9.096774193548388,SP,Toys
8476243f92442881ddd5b578975cf115,7838.0,12,12,0.9166666666666666,4.083333333333333,16.833333333333332,RS,Health Beauty
2dee2ce60de9709b1a24083217181a1f,7784.5,54,55,0.9636363636363636,4.363636363636363,13.963636363636363,MT,Perfumery
b18dc380845b24038cfc48006478f099,7753.96,43,48,0.8541666666666666,4.297872340425532,13.520833333333334,SP,Health Beauty
7bac63f6603d382cc8d0832eb6c100a8,7751.95,19,19,0.8421052631578947,4.0,15.31578947368421,SP,Sports Leisure
5b925e1d006e9476d738aa200751b73b,7748.5,63,63,0.9365079365079365,4.603174603174603,10.46031746031746,SP,Sports Leisure
6fd52c528dcb38be2eea044946b811f8,7743.0199999999995,67,84,0.8928571428571429,3.5,20.642857142857142,SP,Bed Bath Table
257e61d3251fb5efb9daadddbc2cf7ca,7729.0,12,12,1.0,4.75,7.666666666666667,PR,Baby
ebd2d60905fb58271facef5596b620d3,7713.02,82,85,0.9647058823529412,4.235294117647059,12.388235294117647,SP,Health Beauty
3bb548e3cb7f70f28e3f11ee9dce0e59,7690.02,46,53,1.0,3.981132075471698,10.245283018867925,PR,Computers Accessories
2089a6d640999f9b9141ac719b2af596,7676.02,41,41,0.8536585365853658,3.926829268292683,19.024390243902438,SP,Sports Leisure
08633c14ef2db992c11f840f04fad4cd,7644.3,74,97,0.9381443298969072,4.237113402061856,9.721649484536082,SP,Sports Leisure
73a63f72308aa20a46f4b1632018f196,7640.8,27,35,1.0,4.323529411764706,10.857142857142858,PR,Garden Tools
4e17c65a516f69d023a2ae78b84f28d6,7639.26,61,74,0.8918918918918919,4.081081081081081,14.391891891891891,SP,Health Beauty
9596c870880d900012f2e8e6e30d06d7,7625.35,21,23,0.9565217391304348,4.173913043478261,13.08695652173913,MG,Construction Tools Construction
0432ead42b6c8a0bdf68154add917fdf,7574.400000000001,82,87,0.9655172413793104,4.551724137931035,8.333333333333334,SP,Toys
42bde9fef835393bb8a8849cb6b7f245,7574.0,34,39,0.9743589743589743,4.282051282051282,9.41025641025641,DF,Toys
8a432f4e5b471f8da497d7dc517666e2,7555.0,95,106,0.9339622641509434,4.201923076923077,7.452830188679245,SP,Bed Bath Table
e5a3438891c0bfdb9394643f95273d8e,7549.96,216,247,0.8178137651821862,3.8857142857142857,14.902834008097166,SP,Fashion Bags Accessories
058fd0aa2bfdb2274e05e1ae971dabb6,7549.9,60,63,0.9206349206349206,4.380952380952381,9.777777777777779,SP,Perfumery
7008613ea464bad5cb9b83456e1e6a8f,7538.7,123,152,0.9605263157894737,4.291390728476821,13.631578947368421,SC,Sports Leisure
640e21a7d01df7614a3b4923e990d40c,7528.89,115,136,0.9338235294117647,4.286764705882353,9.992647058823529,SP,Bed Bath Table
c26a2be5b53b7db6b276280da212a779,7482.0,13,18,1.0,2.7222222222222223,12.944444444444445,RJ,Office Furniture
062ce95fa2ad4dfaedfc79260130565f,7479.1,54,59,0.9661016949152542,4.016949152542373,12.745762711864407,RS,Furniture Decor
bd0389da23d89b726abf911cccc54596,7472.16,87,90,0.9222222222222223,4.2,13.011111111111111,DF,Computers Accessories
a420f60ff1aa9acc80d0e42959f2b313,7443.3,67,69,0.9130434782608695,3.925373134328358,10.884057971014492,SP,Baby
7a241947449cc45dbfda4f9d0798d9d0,7434.66,56,66,0.9393939393939394,3.7846153846153845,12.212121212121213,MG,Air Conditioning
0bae85eb84b9fb3bd773911e89288d54,7433.5599999999995,136,145,0.993103448275862,4.227586206896552,9.786206896551723,SP,Housewares
18a349e75d307f4b4cc646a691ed4216,7425.21,109,128,0.9453125,3.5196850393700787,10.6796875,SP,Telephony
512d298ac2a96d1931b6bd30aa21f61d,7401.94,11,12,1.0,4.25,9.583333333333334,RJ,Musical Instruments
e0a366315b1b726b6c7832d664c0f530,7400.09,43,51,0.9607843137254902,4.333333333333333,6.9411764705882355,SP,Construction Tools Construction
d51e0a403fe2e689ece6c73359d96e12,7380.0,18,25,0.92,4.32,12.48,SP,Costruction Tools Garden
b410bdd36d5db7a65dcd42b7ead933b8,7368.9,42,42,0.9761904761904762,4.809523809523809,8.761904761904763,GO,Housewares
381c83fdca332ea6afd896da20bf6e4a,7355.8,46,46,0.9565217391304348,4.391304347826087,12.26086956521739,PR,Watches Gifts
a2e874074c877c5a05abae80ad6e488f,7355.0,40,42,0.9523809523809523,4.190476190476191,18.738095238095237,SP,Housewares
b347677812ea483b0f528eaf8cbc09b7,7288.99,21,21,1.0,4.523809523809524,12.857142857142858,PR,Housewares
4aba391bc3b88717ce08eb11e44937b2,7286.88,27,28,0.8571428571428571,4.0,16.464285714285715,BA,Sports Leisure
aced59e9b31ef866a94f9e7f29d8d418,7268.5,61,67,0.9253731343283582,4.447761194029851,9.208955223880597,SP,Housewares
e333046ce6517bd8bb510291d44f0130,7268.0,68,74,0.9459459459459459,4.391891891891892,9.554054054054054,SP,Housewares
8648b1e89e9b349e32d3741b30ec737e,7228.75,93,100,0.9,4.12,8.79,SP,Construction Tools Construction
6a51fc556dab5f766ced6fbc860bc613,7217.87,24,31,0.9354838709677419,4.129032258064516,14.709677419354838,SP,Air Conditioning
cee48807215b30a12ca2ca10ffb5f250,7212.2300000000005,39,40,0.85,3.7,23.025,SP,Auto
d624126b9206f595fb3fbb6ba03b28a8,7198.8,23,28,0.9642857142857143,4.333333333333333,9.535714285714286,PR,Auto
ade45994b717ccee333492330fbf037b,7196.0,10,10,1.0,4.5,7.7,PR,Telephony
dbb9b48c841a0e39e21f98e1a6b2ec3e,7186.85,108,118,0.9576271186440678,4.203389830508475,9.466101694915254,SP,Housewares
cc63f0dd2acba93ffed4fe9f8e0321fa,7096.71,55,63,1.0,4.0476190476190474,8.555555555555555,SP,Housewares
febab0275244b9a49a623f0bd613ca2f,7094.82,106,126,0.9603174603174603,4.317460317460317,7.650793650793651,SP,Housewares
54065e9aef7e9e9c2dc23b7594db021a,7079.0,12,12,1.0,4.333333333333333,11.833333333333334,RJ,Cool Stuff
d13e50eaa47b4cbe9eb81465865d8cfc,7073.05,66,68,0.7941176470588235,4.8088235294117645,4.573529411764706,SP,Food
014c0679dd340a0e338872e7ec85666a,7058.0,14,15,0.8666666666666667,3.6666666666666665,18.533333333333335,MG,Kitchen Dining Laundry Garden Furniture
7722b1df1b0e383e000397b2c11e3e19,7046.6,133,144,0.9722222222222222,4.223776223776224,8.13888888888889,SP,Housewares
f1fd5ab1181f827ffad998c1a5de7d74,7045.99,15,15,1.0,4.666666666666667,9.0,PR,Luggage Accessories
dd55f1bb788714a40e7954c3be6df745,7041.759999999999,35,37,0.8378378378378378,3.810810810810811,18.2972972972973,SP,Cool Stuff
679769a98cfcc6da877c8486ff1c13f3,7029.0,21,21,1.0,4.571428571428571,9.095238095238095,MG,Health Beauty
b8630e1121437d41cb08e3c749c2c2e2,6988.0,12,12,0.8333333333333334,4.333333333333333,10.75,RJ,Musical Instruments
d98eec89afa3380e14463da2aabaea72,6968.53,168,183,0.9781420765027322,4.293956043956044,8.032786885245901,RS,Baby
30829ded4523ab9224b93bc49a62c95f,6911.71,18,31,0.967741935483871,3.5806451612903225,10.129032258064516,RS,Computers Accessories
d9bd94811c3338dceb4181f3dbc0c73e,6911.02,54,61,0.8852459016393442,4.819672131147541,7.262295081967213,SP,Baby
36a968b544695394e4e9d7572688598f,6864.47,148,156,0.9551282051282052,3.7275641025641026,10.237179487179487,SP,Computers Accessories
58f1a6197ed863543e0136bdedb3fce2,6833.0,44,45,0.9767441860465116,4.155555555555556,9.883720930232558,MG,Watches Gifts
5b67882648febfb6e1225e6ad7164f6b,6813.4800000000005,27,30,0.9666666666666667,4.033333333333333,11.766666666666667,PR,Sports Leisure
40d54b51e962dbe09cabbcfd33298dee,6785.5599999999995,30,31,1.0,3.903225806451613,6.709677419354839,SP,Health Beauty
ff1fb4c404b2efe68b03350a8dc24122,6771.0,46,49,0.8571428571428571,4.061224489795919,9.489795918367347,SP,Toys
3340ef1913fb70d28420f6ceb685c339,6731.15,32,42,0.9047619047619048,4.333333333333333,15.0,PR,Computers Accessories
31ae0774c17fabd06ff707cc5bde005f,6719.85,11,11,0.9090909090909091,4.0,11.454545454545455,SP,Agro Industry And Commerce
ececbfcff9804a2d6b40f589df8eef2b,6714.15,97,103,0.9029126213592233,4.116504854368932,12.62135922330097,SP,Health Beauty
fa1a9dec3a9940c072684a46728bf1fc,6674.0,55,60,1.0,3.983050847457627,14.1,SC,Pet Shop
1127b7f2594683f2510f1c2c834a486b,6669.7,110,128,0.9375,4.1796875,9.7421875,SP,Garden Tools
33c51922b6e3c16b24a8f28e5833c99d,6657.87,18,20,0.95,4.277777777777778,14.25,PR,Perfumery
b4ffb71f0cb1b1c3d63fad021ecf93e1,6635.69,143,164,0.975609756097561,4.0426829268292686,9.28048780487805,SP,Auto
5670f4db5b62c43d542e1b2d56b0cf7c,6630.09,22,22,0.9545454545454546,4.409090909090909,8.090909090909092,SP,Perfumery
63b464dbf392c7b80d12d932fa7cafed,6622.0,36,38,0.9473684210526315,3.763157894736842,12.81578947368421,SP,Furniture Decor
609e1a9a6c2539919b8205cf7c4e6ff0,6595.23,87,130,0.9769230769230769,3.598360655737705,9.892307692307693,SC,Bed Bath Table
83e197e95a1bbabc8c75e883ed016c47,6574.1900000000005,46,54,0.9814814814814815,4.7407407407407405,10.092592592592593,RJ,Books General Interest
aac29b1b99776be73c3049939652091d,6563.66,94,131,0.9083969465648855,4.0078740157480315,13.938931297709924,MG,Cool Stuff
5d0363b33554b373851fc1622e4d5f3c,6548.79,93,94,0.9148936170212766,4.085106382978723,12.340425531914894,SP,Auto
11305281b50fff20ae8bb473f8e11876,6528.7,35,40,0.875,4.35,13.55,MG,Home Confort
751bdc4d83a466c7206cd42e8f426b03,6520.96,51,68,0.9852941176470589,3.712121212121212,10.661764705882353,SP,Sports Leisure
e5e33c0d8e7e002f398f5dc4cbbb338f,6494.9,26,27,0.8888888888888888,4.592592592592593,11.407407407407407,SP,Auto
282f23a9769b2690c5dda22e316f9941,6464.28,98,109,0.9541284403669725,4.330275229357798,10.73394495412844,MG,Food Drink
516e7738bd8f735ac19a010ee5450d8d,6463.19,74,82,0.9512195121951219,4.609756097560975,8.317073170731707,RJ,Health Beauty
4c03b9dd4c11ee2cb35c96c49efc9420,6458.6,48,48,0.9791666666666666,4.1063829787234045,10.020833333333334,SP,Toys
92eb0f42c21942b6552362b9b114707d,6416.41,334,358,0.9245810055865922,3.957865168539326,12.949720670391061,SP,Telephony
7dc8c42cc750eeafea6c85712ffee9bf,6409.68,41,50,0.96,4.26,8.08,SP,Housewares
376a891762bbdecbc02b4b6adec3fdda,6406.23,57,58,0.9655172413793104,4.672413793103448,11.706896551724139,GO,Sports Leisure
34056b8b55c1775a22af2331670a799c,6398.7,77,77,0.8831168831168831,4.038961038961039,12.493506493506494,SP,Auto
dbdd0ec73a4817971d962698f2fea022,6384.0,16,16,0.9375,4.375,12.1875,CE,Health Beauty
4b5f66b7adcf57f1ecc0d3c07dd6b177,6381.78,23,38,0.9736842105263158,4.081081081081081,13.157894736842104,PR,Computers Accessories
02f623a8eb246f3c5f7c2f96462654e6,6378.0,44,44,0.9090909090909091,4.558139534883721,8.068181818181818,SP,Sports Leisure
57e632711dec9ec14ca7546769483e7e,6350.06,62,65,1.0,4.446153846153846,10.323076923076924,SC,Health Beauty
1da366cade6d8276e7d8beea7af5d4bf,6348.589999999999,42,48,0.875,3.978723404255319,16.979166666666668,MG,Furniture Decor
989becdce12ebc39863c2bceab6f3ca1,6302.9,15,15,0.8666666666666667,4.8,13.2,PR,Sports Leisure
bd4889b5e9133b35b66e42a8665cea5c,6271.9,36,42,1.0,4.463414634146342,9.761904761904763,SP,Furniture Decor
6b243f80ed07b10f0e8aa0f21a205f3c,6260.1,79,89,0.9662921348314607,4.022471910112359,10.561797752808989,PR,Sports Leisure
ea67327e24487bdfac5fbfa37ea124df,6250.18,32,34,0.9705882352941176,3.5588235294117645,8.117647058823529,SP,Bed Bath Table
670c26e0f1bf8d0576271d5cfaec6d2b,6250.1,77,86,0.9534883720930233,4.348837209302325,13.255813953488373,PR,Sports Leisure
dee656f0f566ed1aa85bd137c943f08f,6212.08,92,94,0.9468085106382979,4.382978723404255,12.01063829787234,SP,Sports Leisure
dfc5fb7259bb2b599ca565e6e9448f0f,6124.63,33,34,0.9411764705882353,4.117647058823529,13.970588235294118,SP,Garden Tools
8a32e327fe2c1b3511609d81aaf9f042,6101.12,126,169,0.9408284023668639,3.940119760479042,8.603550295857989,SP,Furniture Decor
f12ff17ad8bbf01ec5c33b17e506649b,6101.0,28,28,0.8928571428571429,3.857142857142857,13.321428571428571,SP,Auto
bacb1f0ed56ad24198f5810d2b3fe9a5,6078.05,38,38,0.9736842105263158,4.324324324324325,9.289473684210526,SP,Toys
6f892e20a171e98efe17fdb971ff319b,6049.0,41,50,0.92,3.8979591836734695,16.34,SP,Telephony
ad781527c93d00d89a11eecd9dcad7c1,6039.63,38,38,0.6842105263157895,3.3421052631578947,25.026315789473685,SP,Baby
2c9e548be18521d1c43cde1c582c6de8,6013.56,124,171,0.8304093567251462,3.9523809523809526,13.309941520467836,SP,Stationery
ba143b05f0110f0dc71ad71b4466ce92,5998.7,83,84,0.8452380952380952,4.464285714285714,9.892857142857142,SP,Books Technical
9baf5cb77970f539089d09a38bcec5c3,5989.68,31,32,1.0,4.4375,14.25,SP,Housewares
f4c4daa86e30c7e5a553a8d518ac03a5,5984.3099999999995,18,18,0.9444444444444444,4.0,16.11111111111111,PR,Watches Gifts
bba74270a87732727b5a3b4fd9ac1c39,5964.6,35,40,1.0,3.875,8.9,MG,Sports Leisure
37515688008a7a40ac93e3b2e4ab203f,5954.1,227,239,0.899581589958159,4.0928270042194095,14.631799163179917,SP,Consoles Games
26d8a1c7c75d513045798992ead43aa2,5937.13,34,36,0.9166666666666666,4.333333333333333,12.0,PR,Perfumery
8e6cc767478edae941d9bd9eb778d77a,5929.35,100,108,0.9259259259259259,4.018867924528302,15.972222222222221,MG,Housewares
6a8b085f816a1f75f92dbac6eb545f8f,5884.17,125,133,0.9097744360902256,4.176691729323308,13.962406015037594,SP,Auto
0691148aee60ca47977c187804f935ae,5868.51,47,53,0.9622641509433962,3.990566037735849,12.584905660377359,PR,Sports Leisure
f84a00e60c73a49e7e851c9bdca3a5bb,5849.24,88,97,0.8969072164948454,3.7216494845360826,10.77319587628866,RJ,Health Beauty
688756f717c462a206ad854c5027a64a,5837.67,81,99,0.9090909090909091,3.7916666666666665,10.353535353535353,SP,Housewares
02d35243ea2e497335cd0f076b45675d,5794.0,14,16,0.625,2.6875,25.4375,RN,Furniture Decor
0bf0150d5b9d60d9cd2906003332f085,5774.6,39,62,0.8064516129032258,3.711864406779661,13.612903225806452,SP,Furniture Decor
05d2173d43ea568aa0540eba70d2ca76,5759.66,62,66,0.9393939393939394,4.0,14.257575757575758,MG,Auto
f46490624488d3ff7ce78613913a7711,5690.95,80,87,0.8850574712643678,3.574712643678161,9.586206896551724,SP,Health Beauty
91f848e9f4be368f4318775aac733370,5668.61,60,70,0.9714285714285714,4.367647058823529,9.8,SP,Housewares
9616352088dcf83a7c06637f4ebf1c80,5643.099999999999,91,97,1.0,4.278350515463917,11.969072164948454,PR,Sports Leisure
8c16d1f32a54d92897cc437244442e1b,5642.6,108,118,0.9830508474576272,4.327586206896552,10.508474576271187,SC,Computers Accessories
e8b4225284fbb02d16f200513f1f395d,5638.62,30,30,0.9,4.3,9.666666666666666,SP,Baby
080102cd0a76b09e0dcf55fcacc60e05,5612.65,122,128,0.9609375,4.53125,9.296875,MG,Computers Accessories
b14db04aa7881970e83ffa9426897925,5595.9,78,105,0.8857142857142857,3.8020833333333335,15.085714285714285,SP,Furniture Decor
f181738b150df1f37cb0bd72e705b193,5529.7,36,37,0.8918918918918919,4.486486486486487,8.72972972972973,SP,Cool Stuff
04aa0a1c5ce6b222003403a3e11c3cc0,5518.0,11,17,0.8823529411764706,3.5294117647058822,15.882352941176471,SP,Auto
cc3d14116804f7209f3884f6367f1152,5477.8,27,30,0.9666666666666667,4.666666666666667,12.566666666666666,PR,Small Appliances
94e93ce877be27a515118dbfd2c2be41,5436.58,29,34,1.0,4.03030303030303,12.794117647058824,SP,Housewares
575df70bde3f9f2b30bf8d2e9910d725,5410.05,27,34,0.9411764705882353,4.117647058823529,12.794117647058824,SP,Furniture Decor
e2aee0892199b1d92530e371abd825bf,5392.77,36,39,0.8717948717948718,3.8974358974358974,14.564102564102564,PR,Sports Leisure
3ade81dab5a172b88e1871c28ae05260,5383.6,28,30,0.8666666666666667,4.241379310344827,13.2,SP,Furniture Bedroom
23c38debaffe4a25a30fdbd9b586a13f,5382.18,41,46,0.8478260869565217,4.304347826086956,11.152173913043478,SP,Garden Tools
83deb69e889cf80f82be1dc6d5f2d486,5363.01,40,42,0.9523809523809523,4.357142857142857,15.261904761904763,SC,Musical Instruments
2a261b5b644fa05f4f2700eb93544f2c,5355.0,51,82,0.7804878048780488,3.3536585365853657,14.036585365853659,SP,Furniture Decor
817245bcc3badd82bbd222e0366951a6,5345.6,28,44,0.9772727272727273,4.15,10.590909090909092,SP,Auto
e62b2d6ac10570a035a30bafcf01d263,5340.39,62,71,0.8450704225352113,3.8333333333333335,14.267605633802816,SP,Tablets Printing Image
916c9de0b5ad957346eeeb12f332687e,5336.5,22,27,1.0,4.37037037037037,7.7407407407407405,PR,Health Beauty
b6d44737c043328708f6749c2dbe50bd,5284.6,61,79,0.9493670886075949,4.569620253164557,7.455696202531645,SP,Housewares
e06f09ec0a4aca210779cf1cfc63cf19,5279.49,29,31,0.9354838709677419,4.016129032258065,14.548387096774194,SP,Housewares
02ecc2a19303f05e59ce133fd923fff7,5264.19,21,24,1.0,4.541666666666667,10.375,SP,Garden Tools
e9c6969d40e6a3d2d0f90013165c2b98,5239.98,10,10,1.0,4.4,8.7,SP,Pet Shop
5bffbafbb22daf6d3bfc216a46db8708,5239.7,21,23,1.0,4.695652173913044,8.08695652173913,RJ,Computers Accessories
3be634553519fb6536a03e1358e9fdc7,5231.02,80,95,0.9157894736842105,4.010526315789473,9.326315789473684,SP,Housewares
f67efa3f0b6761102a7f8c6b7b571f5d,5188.68,31,32,1.0,4.4375,9.1875,PR,Pet Shop
f680f85bee2d253556ac91be391d2c82,5183.92,45,54,0.9814814814814815,4.296296296296297,9.907407407407407,SP,Baby
5b179e9e8cc7ab6fd113a46ca584da81,5173.5,34,36,0.9166666666666666,3.5142857142857142,12.194444444444445,SP,Housewares
822bad9bc42b51213ba522fe87b7ab5d,5160.0,18,18,0.7222222222222222,4.111111111111111,26.166666666666668,SC,Telephony
709e16e2b25c7474d980076c6bfc4806,5151.9,60,80,0.975,4.525,10.0125,SP,Health Beauty
d566c37fa119d5e66c4e9052e83ee4ea,5145.7,65,73,0.958904109589041,4.71830985915493,5.342465753424658,SP,Sports Leisure
fad44952713764836814be105382aee5,5129.0,32,32,0.96875,4.28125,10.28125,RJ,Health Beauty
4917cee8d902e13428c3ec4b1ca6f315,5103.9,31,31,0.967741935483871,4.161290322580645,17.612903225806452,SC,Home Appliances 2
45ba18c210d42734ec52c0c1c574e9ee,5099.44,35,38,0.9473684210526315,4.052631578947368,6.684210526315789,SP,Baby
b39d7fe263ef469605dbb32608aee0af,5063.2,43,48,0.9583333333333334,3.7872340425531914,12.833333333333334,SP,Bed Bath Table
67bf6941ba2f1fa1d02c375766bc3e53,5062.0,15,20,0.9,4.3,11.45,PR,Office Furniture
0cbcee27c791afa0cdcb08587a2013a8,5054.15,37,39,0.8974358974358975,4.0,12.461538461538462,MG,Fashion Bags Accessories
e067ad2c1c0b48758eb1b5228bcf7a68,5042.55,54,61,0.9180327868852459,4.131147540983607,14.0,SP,Pet Shop
afe0067131b73e40875c9b6c10bd2e21,5040.5,45,45,0.9555555555555556,4.2727272727272725,14.977777777777778,MG,Perfumery
3df020b72d3d44b3af9d110fa3940b65,5039.9,55,101,0.8811881188118812,3.9504950495049505,12.346534653465346,SP,Furniture Decor
e0878efa0e0b7e5313ac0b43bc04c081,5025.4,26,28,0.8214285714285714,3.5357142857142856,17.714285714285715,PR,Toys
099095b050cfe8eb1ddff5317587e96e,5003.84,16,19,0.8421052631578947,3.0526315789473686,10.0,SP,Housewares
4bf2f4ee540798a61f9636d12cd9cc80,4995.56,29,30,0.9666666666666667,4.166666666666667,13.133333333333333,SP,Fashion Underwear Beach
f84fa566034f5e8e880a07ec624c56af,4993.91,89,100,0.88,4.3,11.07,SP,Health Beauty
835f0f7810c76831d6c7d24c7a646d4d,4990.200000000001,42,48,0.6875,3.3125,18.041666666666668,SP,Housewares
45213867cefbf2cd4c6177e10216a951,4955.42,14,14,0.8571428571428571,3.857142857142857,14.285714285714286,SP,Musical Instruments
9674754b5a0cb32b638cec001178f799,4941.7300000000005,84,95,0.968421052631579,4.052631578947368,7.589473684210526,SP,Small Appliances
dbd66278cbfe1aa1000f90a217ca4695,4928.9,85,99,0.9393939393939394,4.454545454545454,8.606060606060606,SP,Electronics
e9d99831abad74458942f21e16f33f92,4922.4800000000005,130,149,0.8993288590604027,3.9054054054054053,12.114093959731544,SP,Computers Accessories
9df5750209b83567ec144eb299d7d634,4917.0,11,11,0.9090909090909091,4.0,13.545454545454545,RS,Garden Tools
3ab971ce71839580d2ae5b4e40fe8044,4917.0,35,37,0.918918918918919,3.888888888888889,6.351351351351352,SP,Housewares
503c1de08ae81a2d86f17951b204db55,4906.99,22,22,0.9090909090909091,4.409090909090909,13.045454545454545,SP,Baby
1bb2bdb95f4841f1bba2c0d2cd83d3c9,4905.76,79,83,0.927710843373494,4.573170731707317,11.891566265060241,SP,Books General Interest
f789d2c4f2c2eb38fc4373e7a4b35264,4864.24,44,49,0.9591836734693877,4.183673469387755,10.387755102040817,MG,Pet Shop
0d85bbda9889ce1f7e63778d24f346eb,4845.2,51,58,0.8103448275862069,4.211538461538462,17.79310344827586,MG,Stationery
f7496d659ca9fdaf323c0aae84176632,4837.67,25,26,0.9230769230769231,4.576923076923077,12.0,SP,Furniture Decor
1336efc61c316ddf92c899eb817f7cae,4837.31,74,85,0.9058823529411765,3.9411764705882355,11.211764705882352,SP,Pet Shop
ce69a8021d18961dd2a40269b7c2c293,4818.0,19,19,0.8947368421052632,4.473684210526316,9.736842105263158,PR,Cool Stuff
abcd2cb37d46c2c8fb1bf071c859fc5b,4817.32,44,51,0.9607843137254902,4.313725490196078,13.176470588235293,MT,Health Beauty
c12b92bf1c350f3e6bf88d3596219c86,4808.78,17,17,0.9411764705882353,3.8823529411764706,10.411764705882353,SP,Auto
2a7dc43cecabf23403078e2188437d1d,4795.91,52,54,0.9259259259259259,4.092592592592593,12.518518518518519,SP,Furniture Decor
fcdd820084f17e9982427971e4e9d47f,4783.99,16,27,0.9259259259259259,3.259259259259259,10.74074074074074,SP,Air Conditioning
cfa5ab0e4d3fc212fd0b3410e7081c62,4780.81,15,20,1.0,3.65,13.65,MG,Furniture Living Room
dfa0c4c6229ab200a4a1336b4d7128ff,4777.1,77,86,0.9651162790697675,4.011627906976744,9.186046511627907,SC,Housewares
acce39e832338debb07b02385cde5967,4748.1,44,44,1.0,4.4772727272727275,6.636363636363637,MG,Stationery
30a2f535bb48308f991d0b9ad4a8c4bb,4731.3,71,87,0.9655172413793104,4.252873563218391,7.9655172413793105,SP,Furniture Decor
ad420dd0c4f92f8af951ac24b86d0cf5,4705.29,42,46,0.9347826086956522,4.159090909090909,14.282608695652174,MG,Health Beauty
582d4f8675b945722eda7c0cb61ba4c7,4702.96,59,71,0.9859154929577465,4.112676056338028,10.126760563380282,SP,Electronics
968268a686aa05d1f529fb07dff08130,4677.29,12,12,1.0,3.5,9.0,SP,Stationery
8931a84a914b3fe9b1ddaa4d704947ca,4668.3,29,32,0.84375,3.774193548387097,12.53125,SP,Perfumery
b2479f944e1b90cf8a5de1bbfde284d6,4666.53,101,129,0.8527131782945736,3.3515625,14.976744186046512,SP,Bed Bath Table
1a932caad4f9d804097d7f8e615baed1,4661.0,20,30,0.8666666666666667,3.566666666666667,8.466666666666667,SP,Construction Tools Construction
7e3f87d16fb353f408d467e74fbd8014,4653.09,91,93,0.8817204301075269,4.161290322580645,12.182795698924732,SP,Computers Accessories
0176f73cc1195f367f7b32db1e5b3aa8,4643.2,37,38,0.8947368421052632,4.052631578947368,12.947368421052632,SP,Bed Bath Table
ef990a83bbea832f36ebe81376335aa8,4642.59,43,44,0.75,3.659090909090909,16.454545454545453,SC,Sports Leisure
537eb890efff034a88679788b647c564,4617.9,158,171,0.9415204678362573,4.178362573099415,8.67251461988304,RJ,Furniture Decor
a3dd39f583bc80bd8c5901c95878921e,4607.81,34,37,0.972972972972973,4.594594594594595,12.18918918918919,BA,Food Drink
9add47bf45ce8e8c7db6b9cf670b1e09,4606.4400000000005,41,43,0.9767441860465116,4.261904761904762,11.720930232558139,PR,Furniture Decor
06579cb253ecd5a3a12a9e6eb6bf8f47,4587.400000000001,61,70,0.8428571428571429,3.842857142857143,10.485714285714286,SP,Housewares
31da954dc0855f2495c6310f70a2f931,4583.0,29,30,0.9,4.233333333333333,7.666666666666667,SP,Health Beauty
4c498c7345e89aebad651544829beca0,4570.27,47,47,0.8723404255319149,4.276595744680851,10.319148936170214,SP,Health Beauty
2addf05f476d0637864454e93ba673d5,4552.0,12,12,1.0,5.0,10.0,DF,Computers Accessories
c68fb906c8f4b4b946d8386bfa6e5467,4541.16,45,48,0.9791666666666666,4.51063829787234,10.645833333333334,SP,Housewares
1fe5540d7c1c37a595fefbacd5570d9e,4537.6,20,25,0.96,4.28,11.6,RJ,Computers Accessories
45d33f715e24d15a6ccf5c17b3a23e3c,4518.49,56,58,0.9310344827586207,4.172413793103448,10.96551724137931,SP,Computers Accessories
b561927807645834b59ef0d16ba55a24,4501.99,85,95,0.8526315789473684,4.336842105263158,12.031578947368422,SP,Stationery
55d3daac7c404d59e51c2aa2f4dc5a23,4480.6,21,28,1.0,3.9285714285714284,8.357142857142858,SP,Signaling And Security
b4a476fbd28de64b1e347abf9089366a,4479.04,30,35,0.9142857142857143,4.0,11.342857142857143,SP,Electronics
e81e1f9c3e762e620f3fb60a51499e16,4465.99,17,18,0.8888888888888888,3.823529411764706,30.444444444444443,SC,Sports Leisure
8bd0f31cf0a614c658f6763bd02dea69,4455.34,33,35,0.9714285714285714,4.205882352941177,9.542857142857143,SP,Furniture Decor
b90e891671cffd9557f33a97dc523645,4449.0,34,39,1.0,4.128205128205129,7.102564102564102,PR,Health Beauty
bbad7e518d7af88a0897397ffdca1979,4426.32,68,84,0.7738095238095238,3.0481927710843375,14.785714285714286,SP,Baby
d379f449f2a3b271bc01c0782020f705,4423.06,28,29,0.9655172413793104,3.9310344827586206,13.068965517241379,MG,Furniture Decor
0ef83d7d83ed97cd2a0049ac8be5f88a,4421.01,48,55,0.9818181818181818,4.2407407407407405,9.236363636363636,PR,Health Beauty
fc906263ca5083d09dce42fe02247800,4417.9,112,117,1.0,4.3931623931623935,8.914529914529915,MG,Computers Accessories
beadbee30901a7f61d031b6b686095ad,4373.98,64,68,0.7647058823529411,3.9411764705882355,13.058823529411764,SP,Health Beauty
15aac934c58d886785ac1b17953ea898,4353.9,25,26,0.8461538461538461,4.115384615384615,15.153846153846153,ES,Air Conditioning
eed78ac17f7f795a19a709745f00cd4e,4349.5,22,56,1.0,3.4107142857142856,9.410714285714286,SP,Furniture Decor
a3f0b55de503387383c7b1de3ad7f678,4348.400000000001,24,26,0.9615384615384616,4.384615384615385,10.038461538461538,PR,Fashion Bags Accessories
2ff97219cb8622eaf3cd89b7d9c09824,4339.1,87,94,0.9361702127659575,4.553191489361702,8.329787234042554,SP,Housewares
834f8533b2ecb6598dd004ff3de7203a,4324.349999999999,41,45,0.8222222222222222,3.8444444444444446,14.688888888888888,SP,Pet Shop
9803a40e82e45418ab7fb84091af5231,4278.75,11,18,1.0,3.111111111111111,15.277777777777779,GO,Computers Accessories
cc5a78bbad32776dc4e3af205218368c,4269.18,33,38,0.9736842105263158,4.473684210526316,7.184210526315789,MG,Housewares
1fdc574883ef3b33ad41562d93f3a74a,4251.0,18,18,0.9444444444444444,4.444444444444445,10.833333333333334,SP,Auto
43f8c9950d11ecd03a0304a49e010da6,4249.59,41,41,0.926829268292683,4.560975609756097,11.0,SP,Consoles Games
3c03b12bab54d8b37d79d914bfdb1aa0,4236.34,37,43,0.8372093023255814,3.880952380952381,13.279069767441861,RJ,Sports Leisure
8a130737016f838139d31878787a39c9,4222.03,56,62,0.9354838709677419,4.354838709677419,9.758064516129032,SP,Home Construction
6288c69c4ce638e59925e59193f98b16,4196.8,20,20,0.95,4.25,9.05,SP,Toys
23613d49c3ac2bd302259e55c06c050c,4193.1,69,79,0.8607594936708861,3.6923076923076925,13.417721518987342,SP,Furniture Decor
8bb48dc19fccaa8613b6229bf7f452a2,4190.72,82,95,0.9789473684210527,4.336842105263158,10.76842105263158,SP,Costruction Tools Garden
b19f3ca2ea475913750f25a5c37c8d8f,4174.16,19,19,0.6842105263157895,3.263157894736842,18.0,MG,Housewares
bccf933e006e9b94a6184af782963e77,4162.74,45,46,0.9782608695652174,4.533333333333333,11.130434782608695,SP,Health Beauty
f76a3b1349b6df1ee875d1f3fa4340f0,4160.79,24,24,0.625,3.4583333333333335,16.666666666666668,SP,Housewares
8b9d6eec4a7eb7d0f9d579ce0b38324d,4159.55,48,52,0.8461538461538461,4.115384615384615,9.596153846153847,RJ,Furniture Living Room
cd6efc47efaabf134f8bdb654e10b4f1,4158.55,31,32,0.90625,4.5,8.09375,RJ,Stationery
6fc26fe110feebd80a433e1f012a84f9,4150.87,35,72,0.9305555555555556,4.014705882352941,10.958333333333334,SP,Furniture Decor
65febd49fd28ec955651299159b1f527,4136.71,33,38,0.9473684210526315,4.342105263157895,6.605263157894737,SP,Housewares
cac4c8e7b1ca6252d8f20b2fc1a2e4af,4128.19,74,82,0.7682926829268293,3.5617283950617282,19.426829268292682,SP,Furniture Decor
681fce914360217db47784ae28905a96,4127.33,23,24,0.875,3.869565217391304,12.333333333333334,PR,Perfumery
d66c305afaec317ebee552073a674429,4126.59,38,44,0.9772727272727273,4.545454545454546,9.454545454545455,MG,Small Appliances
98dac6635aee4995d501a3972e047414,4115.75,89,190,0.9526315789473684,3.8882978723404253,8.010526315789473,SP,Housewares
e883aa812c37a7413226856f4579fe91,4097.1,26,29,0.9655172413793104,3.896551724137931,9.551724137931034,SP,Small Appliances
42b729f859728f5079499127a9c2ef37,4096.96,103,131,0.9007633587786259,4.364341085271318,7.458015267175573,SP,Health Beauty
99002261c568a84cce14d43fcffb43ea,4088.0,36,36,0.9166666666666666,3.7222222222222223,16.36111111111111,MT,Baby
6b3bd31ad8fcda4b2635ec9f3ff2ecdf,4063.9,35,42,0.9047619047619048,3.9285714285714284,12.380952380952381,RJ,Sports Leisure
715bbd5ba4e6b74cb0d2f29eb45058b0,4043.3,62,64,0.921875,4.46875,11.5,SP,Watches Gifts
382229d1e840115ffe3dbf5ff460e417,4037.06,45,48,0.8958333333333334,4.3125,8.520833333333334,RJ,Housewares
3c7c4a49ec3c6550809089c6a2ca9370,4002.75,139,158,0.9177215189873418,3.7341772151898733,9.348101265822784,SP,Perfumery
55a5b51f93f2b70ea513f5a047b0262a,4002.3,39,41,0.926829268292683,4.487804878048781,13.268292682926829,MG,Sports Leisure
6ec1a01e866584bb679eb9b098345919,3998.91,30,31,0.7741935483870968,4.241379310344827,14.290322580645162,SP,Health Beauty
951e8cef368f09bb3f3d03c00ca4702c,3993.31,62,69,0.9130434782608695,4.164179104477612,8.681159420289855,SP,Bed Bath Table
6b333a05bf188ef3e1f1662a86bd9855,3990.91,12,13,0.9230769230769231,4.384615384615385,9.538461538461538,DF,Auto
50c9975695009e5e6473912e83a6d1da,3964.4,50,68,0.8970588235294118,3.985074626865672,14.647058823529411,MG,Sports Leisure
ec8879960bd2221d5c32f8e12f7da711,3957.5,35,35,0.8285714285714286,4.294117647058823,16.057142857142857,SP,Computers Accessories
bf3c6d2a28b2b5501e6c15448982dcc9,3956.5,35,43,0.9767441860465116,4.4186046511627906,10.162790697674419,SP,Baby
3f995f07c49d0d55a99d5c54957f7d81,3955.7,43,43,0.9767441860465116,4.209302325581396,9.116279069767442,SP,Auto
81f89e42267213cb94da7ddc301651da,3955.0,46,52,1.0,3.5384615384615383,7.3076923076923075,SP,Perfumery
11bfa66332777660bd0640ee84d47006,3925.87,76,102,0.8235294117647058,3.784313725490196,15.72549019607843,SP,Health Beauty
d20b021d3efdf267a402c402a48ea64b,3922.3,86,102,0.8235294117647058,3.6930693069306932,16.11764705882353,SP,Furniture Decor
fde0cc9ea29c8ccfc0a2c22256a58c71,3922.0,35,35,0.9714285714285714,4.485714285714286,8.17142857142857,PR,Toys
7f152321c60a266edc53af1925ef96c1,3919.8,20,20,0.7,3.8,23.1,SC,Sports Leisure
d5ba419e26d246a0719437cf37d9b46d,3911.5,33,34,0.8823529411764706,3.909090909090909,9.352941176470589,SP,Computers Accessories
d673a59aac7a70d8b01e6902bf090a11,3908.94,79,84,0.9047619047619048,3.9642857142857144,13.321428571428571,SP,Baby
79ed755314cfe6df0daef2c6cd3022cd,3907.5,23,25,1.0,4.695652173913044,8.8,SP,Garden Tools
3361277dc30b7cccdb0c286b24219756,3905.05,29,42,0.8809523809523809,4.214285714285714,13.357142857142858,PR,Pet Shop
f00e21b1e91a79653163b7fd8f293ff1,3900.09,31,31,0.967741935483871,4.1,12.516129032258064,SP,Toys
14d7985702e72162bbf13b6beb74ab2b,3887.0,37,38,0.868421052631579,4.342105263157895,10.578947368421053,SP,Sports Leisure
02f5837340d7eb4f653d676c7256523a,3883.05,30,30,0.9666666666666667,4.833333333333333,9.166666666666666,PR,Luggage Accessories
8090490573c6c0aa343a7231ebcb8c86,3871.1200000000003,26,26,0.9230769230769231,4.1923076923076925,9.653846153846153,SP,Health Beauty
1b938a7ec6ac5061a66a3766e0e75f90,3859.8,29,31,0.967741935483871,4.451612903225806,10.96774193548387,SP,Baby
d12c926d74ceff0a90a21184466ce161,3850.2799999999997,76,97,0.9896907216494846,4.11340206185567,8.11340206185567,SP,Sports Leisure
c9a06ece156bb057372c68718ec8909b,3849.0,11,11,1.0,3.3636363636363638,10.909090909090908,DF,Garden Tools
42fa4ee7240e9b8eb4576358ec142ba7,3845.7,22,22,1.0,4.809523809523809,6.454545454545454,RS,Housewares
8ed8ea9a57c862f2c18c2fe41f601d56,3831.9,19,19,1.0,4.473684210526316,8.263157894736842,SC,Cool Stuff
6860153b69cc696d5dcfe1cdaaafcf62,3827.63,74,84,0.9166666666666666,4.156626506024097,9.773809523809524,SP,Construction Tools Construction
232a6014e7b10cba61c6c2b2ea6bb4b0,3819.9700000000003,32,35,0.9428571428571428,4.085714285714285,13.114285714285714,SP,Pet Shop
2e13c71026e1a39ba5cc1b86dcb679aa,3793.0,24,28,0.9285714285714286,4.25,9.714285714285714,SP,Sports Leisure
cb41bfbcbda0aea354a834ab222f9a59,3792.0,11,11,0.6363636363636364,3.272727272727273,37.0,SP,Home Construction
6a0cbc8af2e8abd1bdfb777943d174c6,3788.15,34,34,0.9117647058823529,4.03030303030303,15.117647058823529,SP,Sports Leisure
3f3486b61f45078d4f31ee5e43d8c5bb,3769.73,39,39,0.8461538461538461,4.333333333333333,13.461538461538462,SP,Luggage Accessories
2199e7fe213c16213bf5d6a7eadc9a5d,3767.29,24,30,0.9666666666666667,4.4,10.633333333333333,SP,Furniture Decor
f0b47fbbc6dee9aafe415a6e33051b3f,3766.92,67,85,0.9058823529411765,4.258823529411765,9.929411764705883,SP,Books General Interest
7d76b645482be4a332374e8223836592,3765.74,172,183,0.8907103825136612,3.9668508287292816,12.814207650273223,SP,Telephony
891071be6ba827b591264c90c2ae8a63,3763.35,85,90,0.8333333333333334,3.8555555555555556,12.7,SP,Fashion Bags Accessories
5d9dc90a686a8fddacffab6bab5653a3,3761.94,12,12,0.9166666666666666,4.166666666666667,8.166666666666666,SP,Sports Leisure
edf96ef93ed595084bbcbd9224bd2894,3757.0,25,28,0.8928571428571429,3.7857142857142856,13.071428571428571,SP,Electronics
2d2c62bef4c8ba0dd74e0e228e808539,3749.0,16,16,0.875,4.125,9.9375,SP,Small Appliances
3c4e0452bff7a2a788179488d3d77032,3746.4,32,36,0.9722222222222222,3.742857142857143,13.11111111111111,PR,Toys
eb4df17aed01d918c65f0f8d650900c0,3739.87,11,11,0.7272727272727273,3.909090909090909,12.545454545454545,SP,Auto
13d058e4eeac2ce8217660b2f8a05812,3739.78,22,22,0.8636363636363636,4.181818181818182,10.818181818181818,SP,Home Appliances 2
77e4abfd739aed9c46480f90f81c0eb4,3736.99,18,18,1.0,4.777777777777778,9.61111111111111,DF,Stationery
23a0ffca143a15b9b5bbdb7d552f626a,3718.51,23,24,0.875,3.9583333333333335,10.708333333333334,SP,Garden Tools
822166ed1e47908f7cfb49946d03c726,3714.83,69,108,0.9907407407407407,3.9245283018867925,13.453703703703704,RJ,Bed Bath Table
ec80e49e69745ab6c14f984bf2149423,3709.0,12,12,0.8333333333333334,4.0,12.25,SP,Housewares
a44fb5a447105f8469bdf16bf9159f25,3706.1,19,19,0.7368421052631579,4.052631578947368,13.842105263157896,RS,Sports Leisure
520b493b57809f446cb0a233bb3e25c7,3698.9,63,73,0.9726027397260274,4.376712328767123,6.8493150684931505,SP,Housewares
c0563dd588b775f2e37747ef6ad6c92c,3697.2000000000003,28,28,0.8928571428571429,4.357142857142857,10.392857142857142,SP,Cool Stuff
0509040ea3fe50071181bbc359eb7738,3689.35,87,96,0.9375,4.494736842105263,10.979166666666666,MG,Sports Leisure
5f5b43b2bffa8656e4bc6efeb13cc649,3677.2,27,29,0.9655172413793104,4.448275862068965,13.517241379310345,SP,Stationery
b1fecf4da1fa2689bccffa0121953643,3669.64,19,20,1.0,4.95,10.2,MS,Health Beauty
2745f798279e0ed033addcc1474776d7,3668.53,32,32,0.90625,3.967741935483871,12.9375,SP,Sports Leisure
c731d18cea9bf687ffee82a241c25b11,3662.0,24,26,1.0,3.96,7.076923076923077,SC,La Cuisine
33ac3e28642ab8bda860a2f693000e78,3661.03,34,35,1.0,4.228571428571429,8.17142857142857,SP,Sports Leisure
8b2492b7ff4468839593fafeed55bad9,3660.08,29,45,0.8888888888888888,3.888888888888889,14.622222222222222,RJ,Health Beauty
56642bcb79900e777d68e91915cb4267,3657.64,48,56,0.8392857142857143,3.767857142857143,13.839285714285714,SP,Health Beauty
7f2617c58d5d06806987308b45654351,3656.8,22,23,0.9130434782608695,3.869565217391304,11.73913043478261,SP,Sports Leisure
5d3bb11474a06bdc23fb9e89f1164ee0,3654.6,31,32,0.96875,3.9375,9.34375,SP,Furniture Decor
f97e2b0650c2068227e1d366140eb62f,3654.0,16,21,0.9523809523809523,3.65,13.666666666666666,SP,Pet Shop
6bb0724edf0b62fb91ac404873a97241,3653.0,17,18,0.8333333333333334,4.5,13.61111111111111,SP,Electronics
38e679b9e0064cd94c6f035707344dae,3644.15,27,28,0.9642857142857143,4.148148148148148,10.75,PR,Sports Leisure
ed4311e67debd72b8610a5347a743087,3636.0,25,26,0.9230769230769231,4.48,7.576923076923077,SP,Housewares
1eade46fba20122dc4aefb379f8c636b,3635.37,58,75,0.8666666666666667,4.306666666666667,11.52,SP,Health Beauty
e49c26c3edfa46d227d5121a6b6e4d37,3624.35,34,35,1.0,4.514285714285714,11.114285714285714,PE,Consoles Games
271c58a1d139c45eaf3316107c6d3a3b,3597.63,27,27,0.9259259259259259,4.185185185185185,12.666666666666666,SP,Baby
8f119a0aee85c0c8fc534629734e94fd,3578.88,75,81,0.9382716049382716,4.246913580246914,9.481481481481481,SP,Toys
99a54764c341d5dc80b4a8fac4eba3fb,3578.7599999999998,44,66,0.7727272727272727,3.5076923076923077,6.651515151515151,SP,Housewares
3c010235b7345c92f125d14ee232a76b,3578.0,15,15,1.0,4.666666666666667,10.533333333333333,PR,Pet Shop
602044f2c16190c2c6e45eb35c2e21cb,3559.17,48,55,0.7636363636363637,3.037037037037037,15.345454545454546,SP,Bed Bath Table
218f991754f360af9c2daa5e0b8e990c,3554.32,14,17,0.8823529411764706,3.5294117647058822,12.882352941176471,SP,Housewares
406822777a0b9eb5c50e442dd4cd3ec5,3548.09,44,46,0.8695652173913043,4.355555555555555,13.130434782608695,SP,Toys
66dc1b1632bd6a3e508510c5b3492107,3542.19,36,41,0.975609756097561,3.4878048780487805,10.0,SP,Sports Leisure
f3da5b2ff499efb8d4a6d371d175d7dd,3540.89,77,82,0.8658536585365854,3.919753086419753,10.878048780487806,SP,Housewares
71039d19d4303bf9054d69e9a9236699,3537.2,35,38,0.7368421052631579,3.6842105263157894,12.921052631578947,SP,Toys
96804ea39d96eb908e7c3afdb671bb9e,3530.75,37,39,0.9743589743589743,3.9743589743589745,12.948717948717949,MG,Sports Leisure
3d8fa2f5b647373c8620330c4e077a9f,3501.74,42,47,0.9787234042553191,4.174418604651163,8.872340425531915,SP,Garden Tools
4559697a8f7e637227c2eeaed843baff,3486.3,39,39,0.9230769230769231,4.205128205128205,12.461538461538462,SP,Home Appliances
e7d5b006eb624f13074497221eb37807,3478.93,28,63,0.9682539682539683,3.111111111111111,10.53968253968254,SP,Telephony
bce6a5ecf98e99fd2a8868b15c51f04b,3464.9,14,15,0.8,4.133333333333334,10.8,SP,Watches Gifts
f0837c8d71434931d9e38e7b79234797,3446.9,22,23,0.9565217391304348,4.608695652173913,11.217391304347826,RS,Housewares
df560393f3a51e74553ab94004ba5c87,3429.78,26,27,0.9259259259259259,3.925925925925926,17.51851851851852,PR,Garden Tools
276677b5d08786d5dce7c2149dcce48b,3424.2,31,45,0.9333333333333333,3.888888888888889,10.666666666666666,MG,Housewares
b17b679f4f5ce2e03ce6968c62648246,3424.18,50,51,0.8235294117647058,3.9215686274509802,18.607843137254903,SP,Health Beauty
4677a5437afda5fa7140b927b07be1cc,3415.7,11,11,0.9090909090909091,4.363636363636363,12.181818181818182,PR,Auto
f4db9b37944bcb8873e6b456ee190bbf,3409.78,21,22,0.9090909090909091,4.545454545454546,12.863636363636363,SP,Fashion Bags Accessories
827f8f69dfa529c561901c4f2e0f332f,3408.39,91,104,0.9134615384615384,4.259803921568627,12.73076923076923,PR,Fashion Shoes
cfd7ddab722b902f7ac5b5f3ba6d723d,3385.0299999999997,12,13,1.0,4.538461538461538,5.6923076923076925,MG,Housewares
960945e1a9535cbc0cd6ddd35fbe7ae8,3381.73,28,29,1.0,4.655172413793103,5.586206896551724,SP,Construction Tools Construction
1b8356dabde1d35e17cef975c3f82730,3366.4,55,60,0.9833333333333333,4.133333333333334,9.7,SP,Sports Leisure
070d165398b553f3b4b851c216b8a358,3333.17,31,38,0.868421052631579,3.5405405405405403,10.631578947368421,SP,Pet Shop
6481e96574816ead57975da2c0f6d80d,3324.9,32,43,0.9767441860465116,4.1395348837209305,6.767441860465116,SP,Signaling And Security
6b90f847357d8981edd79a1eb1bf0acb,3322.08,45,47,0.9574468085106383,4.361702127659575,5.0212765957446805,SP,Health Beauty
db4350fd57ae30082dec7acbaacc17f9,3304.3199999999997,136,145,0.9586206896551724,4.145833333333333,10.393103448275863,SP,Telephony
994f04b3718c2bab35c2adfa8afecd2a,3289.8,47,55,0.9272727272727272,4.327272727272727,13.036363636363637,SP,Housewares
a2b5b6105ea5942300631d2e76f4ffe0,3286.6899999999996,16,16,0.875,4.75,7.9375,SP,Toys
54c04bdb5ec46762f8f08c7e8f86ed4a,3281.66,18,19,0.8947368421052632,4.315789473684211,14.842105263157896,SC,Sports Leisure
5b51032eddd242adc84c38acab88f23d,3280.0,12,14,1.0,3.7857142857142856,11.428571428571429,MG,Furniture Decor
52562a9f449c3dc3d53f5f5b9ed74903,3266.6,14,14,1.0,4.785714285714286,12.928571428571429,RN,Sports Leisure
594f9aaa48e5bf431f011ddc5669b0d5,3248.8,37,38,0.9736842105263158,4.578947368421052,7.552631578947368,MG,Stationery
a938325a4b357fd23a6a4d5bb126408e,3231.0,24,25,0.96,3.88,12.72,RJ,Auto
643214e62b870443ccbe55ab29a4dccf,3229.23,65,66,0.8636363636363636,4.409090909090909,9.045454545454545,SP,Fashion Bags Accessories
afa6714acee029b2dfdf357e5579cc03,3220.7599999999998,16,17,0.8823529411764706,4.0588235294117645,12.176470588235293,SP,Toys
4c18691b6037662be2df78a765d98ab5,3195.52,63,67,0.9253731343283582,3.8358208955223883,8.761194029850746,SP,Housewares
d57e18d5f73c7ccb7f7339b61166898d,3187.7,61,63,0.9682539682539683,4.444444444444445,8.666666666666666,SP,Fashion Bags Accessories
e48b04bf1aa1ef711caebeb7aede6180,3187.1000000000004,25,25,1.0,4.48,10.12,PR,Toys
e89c4adbe7b1d0819dbb636e16461cf1,3181.3,24,25,0.88,3.88,14.32,SP,Sports Leisure
870d0118f7a9d85960f29ad89d5d989a,3157.2,45,61,0.9508196721311475,4.016393442622951,14.442622950819672,MG,Furniture Living Room
c8b3445d737de6befde0c88ede534a5e,3149.04,30,36,0.9722222222222222,3.9722222222222223,11.027777777777779,SP,Toys
5bc24d989e71e93c33e50a7782431b0e,3148.0,17,17,1.0,4.352941176470588,8.764705882352942,MG,Auto
238fac594e170b59c6d228f5a4f4f1d9,3126.0,29,30,0.8666666666666667,3.9655172413793105,11.966666666666667,SP,Pet Shop
21e83881401b92b49fb09a16d3852291,3109.06,12,13,1.0,4.769230769230769,10.615384615384615,MG,Garden Tools
5c6d4016c2a288f074fa0848a2b653d2,3100.0,31,34,0.9117647058823529,4.205882352941177,10.676470588235293,SP,Computers Accessories
95f83f51203c626648c875dd41874c7f,3077.6600000000003,50,65,0.9538461538461539,3.2153846153846155,10.692307692307692,MG,Furniture Decor
f61c63d13f7cd800549d5acdd390ae72,3072.3,26,26,0.9230769230769231,4.0,11.384615384615385,SP,Housewares
aae3bfea055532c57fb453ed3ec80b30,3057.92,48,50,1.0,3.5510204081632653,11.98,SP,Market Place
b8555308bfdb4ca1ed54325a58da9a97,3047.2000000000003,26,28,0.9285714285714286,4.071428571428571,9.892857142857142,SP,Office Furniture
0ebd97a106433a45a4aebe57c1799778,3046.8,31,32,1.0,4.5,8.75,MG,Fashion Bags Accessories
4da0e408c99d2fdc2126dc9fce518060,3026.0,44,54,1.0,4.444444444444445,8.666666666666666,PR,Sports Leisure
55f7a3319d80f7fdf078b8f03e6725fe,3013.78,22,22,0.9090909090909091,3.772727272727273,6.318181818181818,SP,Auto
2d50d6282f8aa2257819a77bfaa0efe0,3008.48,42,43,0.8604651162790697,3.744186046511628,13.30232558139535,SP,Bed Bath Table
3bdff180c7e1f6551a643b99c265a120,3008.2000000000003,56,58,0.9310344827586207,4.175438596491228,9.827586206896552,SP,Computers Accessories
5bc55dbe2f12b6af6d83ed46023e0dc8,2992.1,17,21,0.8095238095238095,2.3333333333333335,12.523809523809524,MG,Sports Leisure
0c7533c71df861ec58ad7ff999ed0e8d,2989.2999999999997,61,73,0.958904109589041,4.082191780821918,10.150684931506849,SP,Perfumery
9646c3513289980f17226a2fc4720dbd,2964.4,69,76,0.9210526315789473,4.342105263157895,12.06578947368421,SP,Computers Accessories
d17f467e4bf608a510c20d82f4ba3b6b,2963.7799999999997,11,11,0.8181818181818182,4.2727272727272725,11.545454545454545,RS,Agro Industry And Commerce
b1ac6ea7895bc3dd6f0f6f4abbdd2821,2962.0,38,38,1.0,4.526315789473684,9.710526315789474,RS,Sports Leisure
8cbac7e12637ed9cffa18c7875207478,2955.98,66,81,0.9506172839506173,4.185185185185185,13.11111111111111,SC,Cool Stuff
f4aba7c0bca51484c30ab7bdc34bcdd1,2951.8999999999996,108,115,0.9304347826086956,3.8956521739130436,10.356521739130434,SP,Health Beauty
60562ab00b8054280520d390c8c0045c,2943.0,17,17,1.0,4.764705882352941,9.764705882352942,SP,Auto
f44b6f775a2b390380e0e30b5c9d3eee,2930.0,10,10,1.0,4.9,8.3,SP,Cool Stuff
2156f2671501a81034d7d07f217609d0,2909.5,21,21,0.8571428571428571,4.0,14.761904761904763,SP,Computers Accessories
20d83f3ef0e6925fd74bfd59170babf7,2903.6,40,54,0.9629629629629629,4.351851851851852,8.092592592592593,SP,Fashion Bags Accessories
1771297ac436903d1dd6b0e9279aa505,2881.27,28,36,0.9722222222222222,4.628571428571429,8.972222222222221,SP,Baby
1987cd4be10fe09ee50454f9c354d1c6,2877.7,14,16,0.9375,4.25,15.3125,MG,Pet Shop
bd697db56ff8e7c9cd1abeb7f72029b2,2869.79,21,21,1.0,4.333333333333333,10.476190476190476,SP,Auto
49e7217cfe4e427191c378ec626d8737,2868.8,12,13,1.0,4.153846153846154,15.76923076923077,MG,Housewares
430315b7bb4b6e4b3c978f9dfa9b0558,2864.4,19,20,0.95,4.0,14.0,SP,Housewares
a6fe7de3d16f6149ffe280349a8535a0,2844.9,50,51,0.8431372549019608,4.06,14.352941176470589,SP,Fashion Underwear Beach
b494891378bd8f4560abe576c52deacd,2839.0,19,21,0.9047619047619048,4.714285714285714,4.666666666666667,SP,Health Beauty
d32e3909cfb714fb2a6cb092c85b9c5f,2827.9,10,11,0.7272727272727273,3.6363636363636362,21.727272727272727,SP,Housewares
730937bf88cb151eb2eb849f642fc213,2821.2,22,26,0.9615384615384616,4.423076923076923,6.730769230769231,SP,Sports Leisure
5f1dc28029d2c244352a68107ec2b542,2807.3,62,78,0.9230769230769231,4.428571428571429,8.85897435897436,SP,Health Beauty
820cc752a266cdc6c1a1e61dd4583330,2802.7999999999997,15,15,0.8666666666666667,4.133333333333334,13.466666666666667,PR,Small Appliances
df56d7b40d437f88407c5f78b63bc328,2791.28,22,25,0.96,3.88,11.72,PR,Sports Leisure
cb3dd9ce66268c7a3ca7241ac70ab58c,2788.32,48,50,0.94,4.22,13.36,SP,Sports Leisure
f125f3a310c2e5f822d116147de1e474,2761.4,16,22,0.9090909090909091,4.363636363636363,13.772727272727273,SP,Construction Tools Construction
bb7a14e229b1c95156719c3d9552eeee,2760.2,10,10,0.9,4.5,11.3,RJ,Small Appliances
8f54d64f28a993550aa7943f12572959,2755.5,15,16,0.9375,3.8125,13.375,MG,Health Beauty
a1474fd46fd3430168f7ec202da39408,2752.5,12,14,0.8571428571428571,4.428571428571429,15.142857142857142,SP,Auto
1838dd9b8977065acf51d95e0053ea7a,2750.5,62,65,0.9538461538461539,4.338461538461538,12.138461538461538,MG,Computers Accessories
f7ccf836d21b2fb1de37564105216cc1,2748.4,69,73,0.9041095890410958,3.859154929577465,10.643835616438356,SP,Bed Bath Table
3fd1e727ba94cfe122d165e176ce7967,2747.4,35,36,0.8055555555555556,3.9722222222222223,15.166666666666666,SP,Sports Leisure
977f9f63dd360c2a32ece2f93ad6d306,2730.07,23,24,0.875,3.9166666666666665,12.083333333333334,SP,Baby
3b872fd4747f01cc56206f2934198618,2726.7400000000002,25,27,0.8518518518518519,3.888888888888889,14.0,SP,Bed Bath Table
5cbbd5a299cab112b7bf23862255e43e,2726.06,36,38,1.0,4.315789473684211,10.342105263157896,PR,Housewares
33576ec5412fb5905d876f12f33bfde6,2718.0,31,32,0.96875,4.125,14.1875,PR,Fashion Bags Accessories
d93844a9c55ba7ce353388bcf849ea56,2708.5,12,14,0.8571428571428571,4.214285714285714,15.785714285714286,PR,Furniture Decor
51702dc2a3e106c76dbff722b5bf0726,2705.1,13,14,1.0,4.357142857142857,14.428571428571429,SP,Furniture Decor
31561f325664a8a7aba4c8d0c3a9b3db,2702.19,36,38,0.9736842105263158,4.578947368421052,6.7894736842105265,SP,Auto
2a1348e9addc1af5aaa619b1a3679d6b,2697.4,48,51,0.7058823529411765,3.04,26.784313725490197,MG,Furniture Decor
974cf2cb8f4b7add98709c30df02fe10,2694.7,30,30,0.9666666666666667,4.166666666666667,10.7,SP,Computers Accessories
432c37c9dfba871172ec162e20118b8c,2679.87,44,55,0.8545454545454545,4.290909090909091,15.145454545454545,DF,Cool Stuff
a17f621c590ea0fab3d5d883e1630ec6,2677.92,63,78,0.9358974358974359,4.175675675675675,11.217948717948717,SP,Sports Leisure
c9aafcd0621b2207c10e32c649cada4d,2671.26,40,47,0.9148936170212766,4.340425531914893,8.595744680851064,SP,Health Beauty
d93919c944be9cff128f6c9cb899eacb,2666.7000000000003,33,33,0.8181818181818182,4.0,22.575757575757574,SP,Christmas Supplies
9c068d10aca38e85c50202e17b4a7e88,2658.9,17,17,0.8235294117647058,4.125,16.11764705882353,MS,Auto
d25aa0aaacb370e912f8cf6efeba38b3,2658.45,17,21,0.9523809523809523,4.523809523809524,8.523809523809524,SC,Housewares
6f229cc508fc6915ed5c499efd93baa4,2654.8,13,14,0.8571428571428571,4.428571428571429,8.714285714285714,RJ,Sports Leisure
bc302730ea8cf49b5c74f579febb5bbf,2640.9,11,11,0.9090909090909091,3.8181818181818183,10.727272727272727,SP,Telephony
1b7e5006cb25dd23ce8686691013b121,2636.74,11,11,0.8181818181818182,4.363636363636363,15.090909090909092,SP,Health Beauty
ccf8813e5a7d6c84d865cd38bfc2b130,2635.5,26,26,0.9230769230769231,4.384615384615385,11.115384615384615,SP,Furniture Decor
8d79c8a04e42d722a75097ce5cbcf2ef,2627.82,26,27,0.8518518518518519,4.592592592592593,19.11111111111111,CE,Food
9906e7aa42a3c067b7c9a564d01c4320,2619.0,12,16,0.875,4.0625,15.8125,PR,Sports Leisure
8ab42aa58097fd4668d60cc648225d5f,2616.75,20,26,1.0,4.153846153846154,10.692307692307692,GO,Bed Bath Table
4305fe92735c8a43d154ff6dd2b8d927,2606.1,17,19,1.0,4.105263157894737,10.947368421052632,MG,Sports Leisure
e99e927c81e3f51739c94fcdfca9f10f,2597.85,21,24,0.8333333333333334,3.625,13.583333333333334,MG,Garden Tools
a369d693961cb93b61ca2cc518872a85,2597.0,11,18,1.0,4.111111111111111,9.666666666666666,SP,Home Construction
fdaaf5bfda82b7b80535610c831b8d09,2588.9,10,15,0.8,3.933333333333333,10.533333333333333,SP,Sports Leisure
f593898ec748b7a8cb81fc04edafd98a,2588.04,19,22,0.8181818181818182,3.4545454545454546,17.5,SP,Furniture Decor
244c2f1bff6afe1f2eaf9bfe9b2aed38,2580.0,23,27,0.8518518518518519,3.814814814814815,14.962962962962964,SP,Furniture Decor
2c4c47cb51acd5ea5db5e0ae0e26542a,2575.9,12,15,1.0,4.6,10.266666666666667,SP,Pet Shop
0885aaf116795758dfeb5f1032487bcd,2573.1000000000004,27,29,0.9655172413793104,4.241379310344827,5.241379310344827,SP,Bed Bath Table
41ab63a91b8b264e8c8780368bf1dd5b,2571.95,12,13,1.0,4.230769230769231,17.307692307692307,MG,Small Appliances
1ce3ae5a399804d1a87e706f8a813c3e,2563.0,40,44,0.9090909090909091,3.727272727272727,13.340909090909092,SC,Furniture Decor
cd06602b43d8800bd0afad514919d35c,2555.31,43,52,0.9615384615384616,3.730769230769231,11.423076923076923,SP,Housewares
157c3e4b42f81ac4a44e8b1ca2fe9876,2548.5,23,31,0.9354838709677419,3.967741935483871,9.935483870967742,SP,Furniture Decor
b76dba6c951ab00dc4edf0a1aa88037e,2545.31,157,167,0.9700598802395209,4.1878787878787875,9.778443113772456,SP,Telephony
bb5bd94c8f59cc050072d2930c869cac,2543.87,16,17,0.9411764705882353,4.235294117647059,14.294117647058824,SP,Fashion Bags Accessories
ffa6adafb71b807dc13159e26431354c,2500.9,17,17,1.0,3.9411764705882355,9.352941176470589,PR,Cool Stuff
b335c59ab742f751a85db9c411a86739,2494.11,30,31,0.9354838709677419,3.935483870967742,16.35483870967742,MG,Furniture Decor
de0c78824586e9a5f5f04fd84e25df39,2489.3,14,16,1.0,4.4375,6.0,SP,Pet Shop
cea729054f157f5870bdd321a958d994,2482.1,24,26,0.9615384615384616,4.1923076923076925,6.884615384615385,SP,Sports Leisure
fe49ee029e61e789a1f3a5525f57ba8d,2473.69,16,16,0.9375,4.25,10.0625,SP,Toys
2e3be8a987a30d7544dbbda6861cc14e,2472.86,14,15,0.9333333333333333,3.6,13.533333333333333,MG,Computers Accessories
c2d70ce2c5d0a2eb75e78668236e6dc8,2470.9,13,15,1.0,4.666666666666667,7.6,SP,Housewares
1c40343cc5d18c2d8248ac2f3366de34,2461.41,21,22,0.9090909090909091,4.545454545454546,6.863636363636363,SP,Perfumery
cce6ab8d1682639fe45ab70234f1665f,2442.7,61,64,0.953125,4.53125,14.9375,SP,Bed Bath Table
318f287a62ab7ac10b703ac37435a231,2432.48,51,61,0.8852459016393442,3.918032786885246,11.721311475409836,SP,Bed Bath Table
4b0fdb526525f9890eb145bf1534640e,2419.0,18,20,1.0,3.95,8.3,SP,Bed Bath Table
888faa8bfb0b159c37de6d898b961c31,2418.2999999999997,19,23,1.0,3.869565217391304,7.869565217391305,SC,Sports Leisure
04aba03279157f6d4e0fe8ccaf21963c,2416.0,15,15,0.9333333333333333,4.533333333333333,11.2,RJ,Health Beauty
d06d019f72a04e5497a0b64190af170c,2415.93,17,17,0.9411764705882353,4.529411764705882,8.0,SP,Health Beauty
1354d51653f645349064725ed204e85e,2410.0,18,20,0.95,3.8,8.7,SP,Furniture Decor
82bd0703a4aefd6b599e5bfdaed378fb,2394.28,20,23,0.9565217391304348,3.782608695652174,11.652173913043478,SP,Health Beauty
efcd8d2104f1a05d028af7bad20d974b,2384.79,46,50,0.98,4.2,9.76,SP,Fashion Bags Accessories
47efca563408aae19bb7206c2d969ea9,2383.0,11,11,1.0,4.363636363636363,13.272727272727273,PI,Auto
6bbcb8924baf70b7fe2fe2097e8cd407,2382.5,10,11,1.0,4.545454545454546,11.0,SC,Party Supplies
acadd4d36859671cb635527c6c977533,2381.0,12,12,0.8333333333333334,4.25,17.25,SP,Garden Tools
cfe94489ddd337d1e29e12f2a7205d10,2376.0,20,24,0.7916666666666666,4.125,7.333333333333333,SP,Construction Tools Safety
323ce52b5b81df2cd804b017b7f09aa7,2374.3,29,29,0.8275862068965517,4.428571428571429,16.655172413793103,SP,Stationery
d3f39f05462b79a4562d35893a28f159,2363.4,33,37,0.8648648648648649,3.324324324324324,11.756756756756756,SP,Health Beauty
5160d23075764e18e07c1f4a87fad743,2359.0,33,38,0.9736842105263158,4.447368421052632,8.921052631578947,SP,Toys
4978a02ea9c8be7a9b5480680f40334e,2356.61,18,19,1.0,3.5789473684210527,4.947368421052632,SP,Construction Tools Construction
8603f0038fe0e52fedd3382d266723de,2355.0,10,10,1.0,4.4,20.9,SC,Home Appliances 2
ede0c03645598cdfc63ca8237acbe73d,2352.15,43,47,0.6595744680851063,3.6666666666666665,18.04255319148936,SP,Computers Accessories
3504c0cb71d7fa48d967e0e4c94d59d9,2349.94,53,53,1.0,4.415094339622642,6.943396226415095,SP,Cool Stuff
62c50c1af4dfdc4149d25c5222043d39,2325.83,12,17,1.0,3.4705882352941178,13.0,SP,Fixed Telephony
0bb738e4d789e63e2267697c42d35a2d,2308.4,29,30,0.9655172413793104,4.633333333333334,11.482758620689655,SP,Industry Commerce And Business
fd386aa7bed2af3c7035c65506c9b4a3,2304.15,69,76,0.8947368421052632,4.355263157894737,7.828947368421052,SP,Stationery
5a93f3ab0ef4c84ed5e1b5dbf23978bc,2299.2799999999997,38,43,0.9767441860465116,4.813953488372093,14.674418604651162,SP,Baby
1d4587203296c8f4ad134dc286fa6db0,2287.5,40,41,0.9512195121951219,4.365853658536586,9.121951219512194,SP,Auto
6338ea67c41078a46ad99cc009654956,2286.09,37,44,1.0,4.609756097560975,12.659090909090908,RS,Auto
7238a95bb63ef7e498389fb863b834a1,2265.7,15,15,0.9333333333333333,4.733333333333333,7.6,SP,Baby
655220df33262c7e0c4949a147366f94,2245.0,13,15,0.8666666666666667,4.2,11.733333333333333,SP,Luggage Accessories
dd533b429f380718b70ad9922c294bae,2244.88,39,43,0.8837209302325582,3.86046511627907,16.325581395348838,SP,Toys
5abb8ea023c77787f2c15da891c8d384,2241.0,13,13,0.7692307692307693,3.923076923076923,19.307692307692307,SC,Cine Photo
54583ab379489add547fe47b628db589,2240.0,10,10,1.0,4.8,4.6,SP,Baby
cac876b37d3abcd6bd76caca30277996,2229.77,27,33,0.8484848484848485,4.5625,11.696969696969697,PR,Housewares
b83cedfb587e7911540e3f576d6917ce,2224.95,24,25,0.92,4.24,9.72,SP,Health Beauty
9a84ba99f5367fdbd4598363496f1ea2,2223.38,15,15,1.0,3.8,9.933333333333334,GO,Sports Leisure
fb89df7f89fd1b8f03fa2acca1ba7364,2220.0,22,25,0.92,3.84,15.04,PR,Health Beauty
77a515caa36327151d1cc6c32a9f00e1,2217.39,26,26,0.8846153846153846,4.423076923076923,9.884615384615385,SP,Stationery
e5475dcab1e07b63d7f6e902d8f5eda8,2192.0,19,19,0.9473684210526315,4.105263157894737,9.157894736842104,SP,Sports Leisure
91f0eec23d4a61d7d7caeefa3f0ad1ca,2190.8,11,11,0.7272727272727273,3.5454545454545454,25.727272727272727,SC,Auto
14a08204d03bb6b6bde8029f801ae0eb,2185.4,28,38,1.0,3.8157894736842106,8.263157894736842,SP,Electronics
1b1ae47a313a825a7ccceb8e2e30fa9d,2184.0,10,10,1.0,4.222222222222222,10.1,PR,Sports Leisure
850913d59ce317156b00f3705f1c3edb,2183.0,29,30,0.8333333333333334,3.5,13.066666666666666,SP,Telephony
8ca1551acf9832a4cf467bbbac15851f,2176.4,11,12,0.8333333333333334,3.6666666666666665,15.25,PR,Furniture Decor
b74d1c09cb380e1d03a6f859c6f4224b,2174.61,30,38,0.8421052631578947,4.2368421052631575,11.026315789473685,RJ,Housewares
4992e76a42cb3aad7a7047e0d3d7e729,2171.2,56,73,0.9315068493150684,3.8767123287671232,7.8493150684931505,SP,Housewares
53d00c40e32aeb924a84ce72b1af869d,2165.85,17,17,0.7647058823529411,4.352941176470588,15.705882352941176,SP,Bed Bath Table
2be17df1c49978426251562096c3cc09,2165.0,16,16,0.9375,4.1875,11.8125,SC,Fashion Bags Accessories
0ffa40d54288e4f3499b8780dd0f144f,2162.8,33,35,0.8571428571428571,4.4,13.085714285714285,SP,Books Technical
0725b8c0f3f906e58f70cbe76b7c748c,2161.52,16,36,0.8055555555555556,3.6527777777777777,11.222222222222221,SP,Housewares
7fc87cc3e89b3d1d5cabdca32f8485aa,2153.9,14,14,0.7142857142857143,3.5714285714285716,19.357142857142858,SP,Office Furniture
f214d28e8d8e3ef068748498ccc2f813,2152.43,52,57,0.9298245614035088,4.125,9.666666666666666,SP,Fashion Bags Accessories
72bc2cce903c872fe376a8faaa81d237,2149.2,17,18,1.0,4.444444444444445,8.333333333333334,SP,Books Technical
e8f6dc8e6a1dcde89d20e3995c8d90b3,2148.7400000000002,35,44,0.9318181818181818,3.5681818181818183,12.318181818181818,SP,Furniture Decor
b56906f7fd1696e043f1bcce164c487b,2148.49,40,42,0.9523809523809523,3.9523809523809526,13.095238095238095,SP,Health Beauty
373ee4a3a775a733770ca3f790b8b9ac,2141.49,13,22,0.9090909090909091,4.0,10.090909090909092,RJ,Sports Leisure
723cd880edaacdb998898b67c8f9da30,2136.5299999999997,11,12,0.9166666666666666,4.166666666666667,9.25,SP,Bed Bath Table
8bdd8e3fd58bafa48af76b2c5fd71974,2135.83,10,10,0.8888888888888888,4.9,10.0,SP,Toys
f5f2ab9bdb6b30c14c61be68c5ed37da,2134.6800000000003,18,18,0.8888888888888888,4.277777777777778,13.0,SP,Toys
87d30a6a0cbf89356e49324971ab1d24,2134.13,17,17,0.9411764705882353,4.352941176470588,10.764705882352942,SP,Toys
9bcdfa7b615b3abb9461d9e3ad9886ae,2126.07,14,20,0.95,4.6,10.65,SC,Sports Leisure
3a734b715d333a2588a3d54a0c9b8746,2121.52,15,21,0.9523809523809523,4.666666666666667,11.19047619047619,SP,Telephony
8f78f0903005064036736c7173a5c2ed,2113.7000000000003,13,21,0.9523809523809523,3.4761904761904763,17.952380952380953,MG,Furniture Decor
cf2384dd2f1dddea3f838efed0945e65,2101.5,16,16,1.0,3.9375,13.8125,SP,Furniture Living Room
ffdd9f82b9a447f6f8d4b91554cc7dd3,2101.2,18,20,1.0,4.25,9.8,PR,Housewares
e9511df20ccd82658a30c37b7fb343af,2096.6,22,30,1.0,4.466666666666667,9.133333333333333,SP,Construction Tools Construction
7f7b8245c336066a1f9933c359f11d77,2094.36,38,43,0.9767441860465116,4.558139534883721,7.395348837209302,SP,Health Beauty
df91910b6a03bb2e3358fa6a35e32f6f,2093.2,13,13,1.0,4.615384615384615,8.846153846153847,SP,Housewares
165b1235e9e9942cb5fae67103576fb0,2085.15,11,16,0.9375,4.3125,6.8125,SP,Construction Tools Construction
6aa3928696eab49a19a466e665a649fd,2075.0,18,22,0.9545454545454546,4.545454545454546,7.681818181818182,RJ,Health Beauty
082e0bf4cb865a6533b1e8e498cc0255,2073.3,11,23,0.8695652173913043,3.3043478260869565,12.73913043478261,SP,Garden Tools
e38db885400cd35c71dfd162f2c1dbcf,2066.8,30,32,0.875,4.5,12.21875,DF,Bed Bath Table
f615fe7efbef0f4f08fd3086bc7a3e60,2061.37,22,23,0.9130434782608695,4.521739130434782,7.217391304347826,SP,Toys
412a4720f3e9431b4afa1476a1acddbe,2058.1,21,22,0.9545454545454546,4.2727272727272725,10.090909090909092,SP,Sports Leisure
bc2ac6b95e1accce9858528ee566c17e,2045.0,18,22,1.0,4.636363636363637,4.409090909090909,SP,Books Imported
f7720c4fa8e3aba4546301ab80ea1f1b,2043.55,59,77,0.961038961038961,4.240259740259741,9.454545454545455,PR,Furniture Decor
c6381d2d013342748761e906d45aff76,2042.98,15,28,1.0,3.0,16.392857142857142,RS,Housewares
78c99c6dff4eeae5be99bf635ed21e3f,2030.88,31,39,0.8717948717948718,4.333333333333333,13.564102564102564,SP,Sports Leisure
0ed6ce5d87fd9c69eaacaeb778d67235,2026.52,42,42,0.8571428571428571,4.390243902439025,15.547619047619047,SP,Electronics
3a1a1fec38dd360f15fc912e821e169d,2007.38,15,15,0.7333333333333333,3.8666666666666667,14.133333333333333,SP,Auto
116ccb1a1604bc88e4d234a8c23f33de,2004.89,61,73,0.9452054794520548,4.602739726027397,8.315068493150685,SP,Auto
d6ab728cf30867cf3f1a2e216ae2f9b7,2002.0,12,14,1.0,4.428571428571429,10.857142857142858,SP,Sports Leisure
3d2531eccfbde1d7c8db7a3a12fb267a,1999.54,10,10,1.0,4.222222222222222,9.6,MG,Health Beauty
6b536a23086fba0d58c08d68814397f6,1996.8,18,22,0.9090909090909091,4.045454545454546,13.681818181818182,RJ,Sports Leisure
17908cf9b444ee34047cadd5c0f4a516,1993.99,11,11,0.9090909090909091,4.545454545454546,18.363636363636363,GO,Auto
bf100ecb7997df312b285358fb32f92c,1991.9,20,21,1.0,4.368421052631579,9.095238095238095,PR,Cool Stuff
13074f016982ff2bd6c58ced8682f000,1977.0,13,14,0.7142857142857143,4.142857142857143,14.0,RS,Kitchen Dining Laundry Garden Furniture
c013e57c075a06e5b5c48ee03c525719,1971.55,42,45,0.9111111111111111,4.155555555555556,8.911111111111111,SP,Pet Shop
f41ce2e25237f9092cd8e6e7516c7a2f,1961.9,26,27,1.0,4.444444444444445,8.11111111111111,SP,Consoles Games
bf84056e679dbe9c69929847a40e338f,1918.08,35,38,0.9210526315789473,3.763157894736842,11.947368421052632,SP,Health Beauty
93b9a99027bd8bd6af682aff18dd19bf,1916.0,19,20,1.0,4.157894736842105,10.9,SP,Furniture Decor
9dda5bbacd45e18d6485fee649205d09,1912.6000000000001,19,22,0.9090909090909091,4.2272727272727275,14.227272727272727,MG,Furniture Decor
6df688df543f90e9b38f4319e75a9d88,1891.76,39,55,1.0,4.509090909090909,7.7272727272727275,MG,Health Beauty
5ab05b6d86d417796c69ffd6774ec832,1886.1000000000001,10,12,0.9166666666666666,3.6666666666666665,12.083333333333334,SP,Health Beauty
65b081a070633e057c462abdd6fb9dd8,1885.09,19,20,1.0,4.35,11.25,GO,Perfumery
5debea795b07621e1f90532e18f96145,1883.78,25,33,1.0,4.2727272727272725,9.818181818181818,PR,Health Beauty
4c8b8048e33af2bf94f2eb547746a916,1882.45,19,23,0.8695652173913043,3.4782608695652173,18.608695652173914,SP,Bed Bath Table
e24d3429d294b2eb200b064ebb035879,1878.58,19,22,0.9545454545454546,4.136363636363637,7.318181818181818,SP,Health Beauty
5b33b527da3c5b969cc99dc435cad09a,1872.79,16,17,0.9411764705882353,4.117647058823529,12.294117647058824,PR,Electronics
95ec4458365c4d11f452ccf538377619,1866.76,27,31,0.967741935483871,4.266666666666667,5.290322580645161,SP,Furniture Decor
4e5725ba188db8252977a4f0227bd462,1865.09,21,24,0.7083333333333334,3.5416666666666665,20.25,SP,Computers Accessories
daeb5653dd96c1b11860f72209795012,1864.1,38,39,0.9230769230769231,4.269230769230769,11.0,MG,Toys
0417b067eeab773d2f7061a726dc477f,1859.18,13,13,0.6923076923076923,3.923076923076923,17.307692307692307,SC,Auto
c8467937e403e76a8ee9f0ab13f6f5ef,1853.79,30,33,0.8787878787878788,4.133333333333334,16.21212121212121,MG,Costruction Tools Tools
272f092de69afedd4d2969440b37f18f,1846.3300000000002,25,39,1.0,4.0675675675675675,8.897435897435898,SP,Fashion Bags Accessories
ffeee66ac5d5a62fe688b9d26f83f534,1839.8600000000001,14,14,0.8571428571428571,4.214285714285714,17.642857142857142,SP,Home Appliances
7ade73f1b9b4e965f9009a4c3a7e2c15,1835.3000000000002,26,27,1.0,4.777777777777778,9.11111111111111,SP,Computers Accessories
6a38087bc8ad4f89ff453561005f6dea,1833.43,15,22,1.0,4.409090909090909,11.636363636363637,GO,Computers Accessories
c679fb69a36e1d8349e8c50a217b4d58,1825.68,14,17,0.8235294117647058,3.5625,10.058823529411764,RS,Housewares
55bb6fe5bebe5012e2d7d9928e1128ff,1816.55,15,16,0.8125,3.5625,16.0625,SP,Stationery
a5a1bfcf728ab0e19182959cf0771ee4,1812.96,21,24,0.9166666666666666,4.291666666666667,13.083333333333334,SP,Food
729b2d09b2a0bdab221076327f13d050,1805.21,48,60,0.9333333333333333,4.583333333333333,11.783333333333333,SP,Health Beauty
5b85809efd0d0e4dea1a9544e1280ed9,1804.6000000000001,12,14,1.0,4.357142857142857,6.928571428571429,SP,Health Beauty
411f3b52d857390502ee4e4d5ceabc2d,1804.01,21,30,0.8,4.2592592592592595,8.2,SP,Construction Tools Construction
c3e1abd72a42fe690fcd89cf5720fe29,1798.61,13,13,1.0,4.461538461538462,3.923076923076923,SP,Pet Shop
a36b125ac6d5fdbc7f50de85c9157bdc,1793.65,23,25,0.88,4.04,12.44,SP,Sports Leisure
d97df38225e5abadaff1e72cb72b823c,1776.0,28,28,0.8214285714285714,3.925925925925926,11.607142857142858,SP,Auto
07bf9669d84d1f11be443a9dd938f698,1776.0,18,24,1.0,3.25,8.291666666666666,SP,Kitchen Dining Laundry Garden Furniture
3481aa57cd91f9f9d3fa1fa12d9a3bf7,1773.03,25,25,1.0,3.88,9.76,SP,Furniture Decor
ca4b77513ac2040591b0d8fae6958380,1772.45,14,15,0.8,4.466666666666667,7.133333333333334,SP,Health Beauty
1690cada046eb7e92c12f98b1f8a8167,1760.0,10,10,0.9,4.9,6.8,SP,Auto
f63d8f293af3a6454377546bd9dd19ff,1751.82,17,28,0.7857142857142857,3.8214285714285716,17.821428571428573,SP,Auto
c8417879a15366a17c30af34c798c332,1734.7,25,35,0.9142857142857143,4.029411764705882,8.8,SP,Garden Tools
198c7ea11960a9844b544d9bcdca860c,1733.75,25,25,0.88,3.88,14.0,MG,Small Appliances
dc8798cbf453b7e0f98745e396cc5616,1733.0,35,43,0.9302325581395349,3.488372093023256,13.069767441860465,SP,Fashion Male Clothing
6ddc28b61be28373b4503a1f61cf98a9,1732.9,11,11,0.9090909090909091,4.181818181818182,6.363636363636363,SP,Toys
c5f7feb04a6a1fb3596322bfc3cf1917,1720.6,11,11,0.9090909090909091,4.2727272727272725,9.545454545454545,SP,Furniture Decor
d3674f271c91f824f82d24d92011f669,1718.3,20,20,0.9,4.1,13.35,DF,Perfumery
7139dc5186aa238b006e066d8fbab2e4,1712.0,22,24,0.875,4.086956521739131,13.708333333333334,SP,Furniture Decor
dfc475d54e1b6dbeeb7d7d9bdaa63827,1708.37,18,20,0.95,4.55,12.5,PR,Housewares
3ca08eeb8d5595949fed424bd3677742,1688.88,13,13,1.0,4.6923076923076925,9.846153846153847,PR,Toys
f9903dd0f812c7e771fcad47b6fff231,1684.8500000000001,10,15,1.0,2.933333333333333,12.866666666666667,SC,Construction Tools Lights
3935fe5fe0f82787a9dcb8deb62be09d,1681.69,16,17,0.8823529411764706,3.9411764705882355,10.470588235294118,SP,Computers Accessories
e64d65bc8dbec2accda90c58de5d1246,1678.8000000000002,12,12,0.6666666666666666,3.0833333333333335,13.0,SP,Health Beauty
0ac4201fda2c68ebc0e47cb9423cf3c9,1676.88,13,14,0.9285714285714286,4.285714285714286,12.071428571428571,SP,Health Beauty
1dc2de47ee26a0a5b12dc14fd6dc0dea,1670.3,25,27,0.8888888888888888,4.518518518518518,14.296296296296296,SP,Bed Bath Table
77fccaae319668a8ab6cd0fd16aec48c,1667.0,11,12,1.0,4.333333333333333,8.5,RJ,Sports Leisure
7586919161935337bf6b6d7ff5779648,1664.71,11,18,0.8888888888888888,3.1666666666666665,15.5,RJ,Sports Leisure
5f67c6082caacb26e431a7b17940cece,1662.6,13,14,0.7142857142857143,3.5714285714285716,21.857142857142858,PR,Computers Accessories
25cf099de44674fde97473224f9d59ab,1654.36,50,50,0.96,4.326530612244898,8.88,SP,Auto
df0f42bc4c2142eacf0eaf2cffd0cfbb,1654.0,14,16,1.0,4.0625,13.875,SC,Health Beauty
b2a6d334e2833acea353624840e25a0e,1650.98,25,26,1.0,4.5,10.346153846153847,SP,Small Appliances
26e2c91ef821e1ff8985f408788fe35b,1649.4,12,14,0.6428571428571429,3.0,24.5,SP,Bed Bath Table
0887a9f087bcd5d9f6642b52f897fc6c,1642.0,12,12,0.9166666666666666,4.416666666666667,13.583333333333334,SP,Telephony
e2c92f9c1c7746d899d18f2e158bbff7,1641.9,12,12,1.0,4.583333333333333,8.666666666666666,SP,Auto
5b581417df4480f632484ba681e53944,1641.6,11,12,0.6666666666666666,3.5,19.666666666666668,SC,Toys
7a2d2949aea47fab95fd98d6c9f618b1,1638.99,11,12,1.0,4.25,10.583333333333334,PR,Pet Shop
2a6fbeaa7ab9e5d59a35841a8da71ce4,1632.79,30,30,0.9333333333333333,3.9310344827586206,13.9,SC,Small Appliances
1dfe5347016252a7884b694d4f10f5c4,1632.5,20,26,0.7692307692307693,3.1923076923076925,19.03846153846154,SP,Bed Bath Table
f1ed6bd0a9b11b581f16c851c6a5a527,1622.77,17,18,0.9444444444444444,4.444444444444445,20.61111111111111,RS,Furniture Decor
15cd6eefe58588619aaed41dfa6621b1,1622.74,16,18,0.9444444444444444,4.333333333333333,13.944444444444445,MG,Other
013900e863eace745d3ec7614cab5b1a,1619.7,23,26,1.0,4.730769230769231,11.038461538461538,PR,Fashion Shoes
cb5df0dcb9e280b1780e9d589889f2c7,1614.88,11,12,0.8333333333333334,3.5454545454545454,20.166666666666668,SP,Furniture Bedroom
8daab2245ebdc277c51098d01c5ad8ef,1604.59,16,16,0.9375,4.625,9.5625,SP,Costruction Tools Tools
41b86b552e54e3a7009596125aa8b167,1595.3,10,11,1.0,4.363636363636363,15.090909090909092,SP,Sports Leisure
8a2d12a90e92f012ce5226fc6592b653,1594.6499999999999,18,18,1.0,4.588235294117647,8.833333333333334,PR,Housewares
845e8036c3f7bf62099352f5ed910240,1584.6000000000001,21,24,1.0,3.8333333333333335,7.75,RJ,Bed Bath Table
f3c38ab652836d21de61fb8314b69182,1581.0,15,15,0.9333333333333333,4.266666666666667,7.8,SP,Computers Accessories
392e0502231ae2f8b29994ef6398cd77,1572.9,17,17,0.8823529411764706,4.352941176470588,17.058823529411764,SP,Health Beauty
5075aaa8404020ae6aa8bf4792099b41,1572.88,10,15,1.0,4.133333333333334,11.866666666666667,MG,Drinks
1660ad786c27fd935378b6192a90b417,1570.0,12,13,0.9230769230769231,4.615384615384615,8.538461538461538,SP,Computers Accessories
c4fb51fb1c5b7c07bc5e67be6e7e8f6e,1567.9,15,16,0.875,3.5,15.5,PR,Housewares
9b00ed88b7fdb95d6ff76e27c1b52d16,1567.88,46,50,0.94,4.58,8.5,SP,Sports Leisure
02c988090b766852e088c69d7fb3b551,1564.3700000000001,12,16,1.0,4.6875,8.0625,SP,Signaling And Security
39d54ff918774174706fb065d7f9dc07,1554.69,22,24,0.875,3.9166666666666665,14.666666666666666,SP,Auto
817f85dbb65aa3e70831d90fe75cdf89,1552.27,11,11,1.0,4.545454545454546,17.636363636363637,SP,Toys
0eaa7e33d73809f1f925f7d07c506cbd,1552.0,15,15,1.0,4.714285714285714,5.466666666666667,SP,Toys
3785b653b1b82de85ab47dd139938091,1552.0,21,24,1.0,4.75,10.958333333333334,PR,Housewares
06bb3a2fe5e7b7a845b13e8fb91bd944,1536.19,17,18,1.0,4.611111111111111,8.333333333333334,MG,Health Beauty
cbf09e831b0c11f6f23ffb51004db972,1535.2,10,10,1.0,4.4,4.7,SP,Housewares
ffc470761de7d0232558ba5e786e57b7,1529.13,27,30,0.9333333333333333,4.3,9.6,SP,Housewares
3586b8580d9c917874e053a1bb37b5ff,1524.7,36,43,0.9534883720930233,4.441860465116279,13.674418604651162,SP,Stationery
094ced053e257ae8cae57205592d6712,1519.2,19,19,1.0,4.052631578947368,11.789473684210526,SP,Health Beauty
f5f1f2c5f923f36ad79ea1d07185ddc9,1517.77,10,11,0.9090909090909091,3.4545454545454546,12.363636363636363,SP,Pet Shop
a23266650e7c84bb93fbbba502137478,1512.4,11,16,1.0,3.25,10.125,RS,Garden Tools
b33aaadd1a8891d2dfef0c4c3bdf0371,1504.0,16,17,0.8823529411764706,3.764705882352941,13.235294117647058,SP,Housewares
d354c38a7182125a748cb10474fe963b,1500.34,17,19,0.9473684210526315,4.388888888888889,12.68421052631579,RJ,Sports Leisure
659e8466eb3ff1b0e8740d74fb7bbedd,1486.8,11,14,1.0,4.5,9.285714285714286,BA,Health Beauty
2a61c271b1ac763450d846849783e922,1486.77,17,22,0.8636363636363636,3.6818181818181817,19.363636363636363,SP,Health Beauty
b6e1504972665f739dec4facb9943775,1484.48,14,14,0.9285714285714286,4.357142857142857,10.642857142857142,SP,Garden Tools
f918546be4bec7104d117789ba758b2b,1483.0,20,23,0.8260869565217391,3.8260869565217392,11.521739130434783,SP,Garden Tools
6806dad1da97bfb5a9038eac6881f706,1477.0,10,14,0.9285714285714286,3.9642857142857144,12.785714285714286,PR,Auto
e256a62e0ac58c0edfba09966142d561,1474.1100000000001,12,14,1.0,4.5,8.0,PR,Housewares
7ecd59e5e20407131822c1a68ac59c1f,1466.71,24,29,0.8620689655172413,4.482758620689655,17.17241379310345,DF,Stationery
4ba52dfeba874da5b9ee7b17c7494f04,1463.0,11,11,0.9090909090909091,4.363636363636363,10.0,SP,Books Technical
97512d3fc193b2d1dfcdba0f9d1f0f8a,1458.8700000000001,12,13,0.9230769230769231,4.3076923076923075,7.538461538461538,SP,Computers Accessories
52f0fe436a347ddad7ed5f9aa4e27eaa,1452.49,19,21,0.8571428571428571,3.4761904761904763,13.428571428571429,SP,Computers Accessories
1b8b75e227c9a9c100d0c210fb6176ce,1444.8700000000001,15,15,0.9333333333333333,3.933333333333333,14.466666666666667,SP,Fashion Bags Accessories
d1ef48b38baca7e831711c4a0aeb398f,1439.13,28,34,0.8823529411764706,4.529411764705882,9.323529411764707,PR,Small Appliances
66fd84ee7528c0c0de85d0f44a73d5ab,1438.11,11,21,0.9523809523809523,2.9047619047619047,14.285714285714286,RS,Computers Accessories
5b0cc932433fa5184b5b94bfe6bcc256,1437.8,12,17,0.7647058823529411,3.4705882352941178,11.235294117647058,SP,Furniture Bedroom
3771c85bac139d2344864ede5d9341e3,1433.3,26,30,0.8333333333333334,3.566666666666667,12.3,SP,Bed Bath Table
c5f7e746b7e6d07def6c0dae9903279b,1429.0,10,11,1.0,4.454545454545454,4.7272727272727275,PR,Pet Shop
af3ef48d0e13835e529c29ac573c63e5,1405.63,21,21,0.9523809523809523,3.761904761904762,7.476190476190476,SP,Pet Shop
921323538c9f1c4e816f2720eac02bea,1401.84,15,17,0.8235294117647058,4.0,7.705882352941177,SP,Sports Leisure
8ff1a9df749e454105c55cda13e79143,1400.6000000000001,13,14,1.0,3.727272727272727,11.857142857142858,SP,Housewares
d4ffeb15b67e81ff9af2b4252d99fb7e,1400.4,11,12,1.0,4.3,8.583333333333334,SP,Luggage Accessories
d4e12e7884759a14fa0f5f896c791cae,1400.0,29,32,0.9375,4.625,7.84375,SP,Bed Bath Table
01bcc9d254a0143f0ce9791b960b2a47,1393.21,10,10,1.0,4.4,12.4,GO,Health Beauty
d9a84e1403de8da0c3aa531d6d108ba6,1385.3,53,58,0.9482758620689655,4.620689655172414,7.0344827586206895,SP,Toys
8e2b3afb420011ef0c88c9d5f11ea526,1384.5,11,11,0.9090909090909091,4.2727272727272725,10.181818181818182,SP,Sports Leisure
e7f3bf1ecd8526eb7f3b18059e6716e5,1382.04,17,18,1.0,4.444444444444445,8.277777777777779,SP,Toys
88cf19ec1fc2c58f161aee259d57142c,1372.97,14,14,1.0,4.5,6.071428571428571,SP,Small Appliances Home Oven And Coffee
431050a06a317f2b38168dec3dcd2b46,1370.0,10,10,1.0,4.5,8.5,SP,Health Beauty
985c92cc412091f8529c12d7f23d3fef,1368.5,12,12,0.9166666666666666,4.75,7.0,MG,Health Beauty
2e1a7d075abe038c1b2743005fe42ff1,1366.8,18,22,0.7272727272727273,3.8181818181818183,14.363636363636363,SP,Health Beauty
36890be00bbfc1cdb9a4a38a6af05a69,1361.3,13,13,0.7692307692307693,4.230769230769231,8.923076923076923,SP,Baby
fe701d88b67eaca109dffd464d1be9f9,1359.0,10,10,0.9,4.3,11.9,RJ,Fashion Bags Accessories
42ef3192a9ff87a22d1867b74b3ee205,1354.0900000000001,23,23,1.0,4.6521739130434785,8.91304347826087,SP,Toys
9f50216bfd01913736a55a11b55ea842,1354.0,17,19,0.7894736842105263,4.473684210526316,10.052631578947368,SP,Computers Accessories
81336a0f57a33776419727a300249e90,1351.9,15,18,0.7777777777777778,3.8333333333333335,17.055555555555557,SP,Sports Leisure
b9a03475e6447e631b6799ec8274800f,1349.1,10,11,1.0,4.2727272727272725,10.090909090909092,PR,Christmas Supplies
7e26c750b4cb9f6766f58265ff9ebe95,1344.3,23,27,1.0,4.407407407407407,9.0,MG,Health Beauty
02dcd3e8e25bee036e32512bcf175493,1341.9,13,15,0.6666666666666666,3.933333333333333,16.866666666666667,MG,Stationery
5a425cc503b39b262a847fd6212bf53b,1340.6000000000001,14,14,0.9285714285714286,4.461538461538462,6.285714285714286,PR,Toys
7357b52d27cbaa90f81a96cbc1279396,1328.02,12,12,0.9166666666666666,4.333333333333333,9.416666666666666,MG,Housewares
d2e753bb80b7d4faa77483ed00edc8ca,1320.7,14,15,0.9333333333333333,3.7,12.266666666666667,BA,Fashion Bags Accessories
c794dab4928dd97beb41d05514441e86,1312.3999999999999,16,16,0.875,4.375,13.375,SP,Health Beauty
863d2ebcd347ce4922de7a0f9a5581d6,1312.36,17,18,0.8333333333333334,4.111111111111111,11.166666666666666,RJ,Auto
f4a04f7be452aa3bb31760bf00055dd0,1312.1,18,18,0.9444444444444444,4.666666666666667,8.61111111111111,SP,Perfumery
a13580f0e8f782b7a543885a0ef99f08,1304.9,10,10,0.8,4.4,24.6,RJ,Perfumery
542917da124346b47ea1ac79a93ce454,1303.9,20,20,0.95,4.15,11.1,PR,Health Beauty
d101c6da914ae3d53f7bee42283f2fe2,1297.4,13,16,0.9375,3.8125,13.125,SP,Furniture Decor
b9ca8e8baa5d4aa038394a700f63e69f,1289.77,14,14,0.9285714285714286,4.214285714285714,9.214285714285714,SP,Bed Bath Table
25e47381a6c510ddeb36084e33b89f0c,1289.6000000000001,16,17,1.0,4.0588235294117645,9.117647058823529,SP,Bed Bath Table
141440cad9341e553f8401c574a2aa38,1288.2,11,12,1.0,4.166666666666667,6.5,PR,Drinks
e63e8bfa530fb16910dd6956e592bb81,1282.8,41,42,0.9523809523809523,4.333333333333333,8.880952380952381,SP,Housewares
3f8034bfc6b8b4135534975d49f04c63,1273.9,11,14,1.0,3.357142857142857,10.142857142857142,PR,Baby
718539d38d07dd351c76db862760e2e2,1273.01,35,43,1.0,4.488372093023256,7.534883720930233,SP,Pet Shop
128f9bfbe4c7d5185033914b1de3d39a,1267.39,13,15,0.9333333333333333,4.8,12.533333333333333,SP,Health Beauty
2646baaf662d4d92ac48f047e35db92d,1263.05,15,18,0.8888888888888888,4.555555555555555,5.111111111111111,SP,Auto
da7039f29f90ce5b4846ffc0fcc93beb,1259.1,17,18,0.9444444444444444,4.555555555555555,8.38888888888889,SP,Cine Photo
30a81d8cf85fb2ada1b1b094c9583a95,1245.42,17,20,1.0,4.85,3.65,SP,Pet Shop
3fac58ce0ad699020c7944d53c41329c,1244.95,10,16,0.8125,4.5625,3.5,SP,Construction Tools Lights
671585f5a2af58b6e276bc01003c0d2b,1244.0,27,27,1.0,4.703703703703703,5.148148148148148,PR,Housewares
058cb5aeb36d7c0fcae20fc85d5e0a59,1236.0,11,12,0.9166666666666666,3.5833333333333335,9.333333333333334,RJ,Luggage Accessories
2d518637f53161b973e01f56ea4bb88e,1219.8899999999999,13,13,1.0,4.923076923076923,13.307692307692308,SP,Sports Leisure
7a425d299613df3e613bcf9d2eaf5c49,1218.8,18,18,0.9444444444444444,4.111111111111111,11.38888888888889,RJ,Perfumery
52f9db5cfb423382a2fa5c9e39303202,1218.78,21,22,1.0,4.318181818181818,9.681818181818182,SP,Home Appliances
002100f778ceb8431b7a1020ff7ab48f,1216.6,50,54,0.8333333333333334,4.037037037037037,15.777777777777779,SP,Furniture Decor
093805f8f2aeb63881444571e1f48f30,1215.79,22,27,0.9629629629629629,3.814814814814815,7.7407407407407405,SP,Health Beauty
f08c008c8a8d31417763738a1788a2a8,1211.92,20,21,0.8571428571428571,3.3,18.714285714285715,PR,Sports Leisure
788e857f317e53de488d393e65a80f45,1210.0,11,11,1.0,4.909090909090909,6.909090909090909,SP,Stationery
6426d21aca402a131fc0a5d0960a3c90,1209.64,23,23,0.9565217391304348,4.173913043478261,10.434782608695652,SP,Bed Bath Table
01fd077212124329bac32490e8ef80d9,1208.0,31,39,0.9743589743589743,4.3076923076923075,7.666666666666667,SP,Health Beauty
bc07d855eac23aab5ac8a120f21d16b2,1202.62,11,12,0.8333333333333334,4.416666666666667,12.166666666666666,SP,Health Beauty
d8c7ba53e7e38711eaef8c2849d6d2e1,1190.87,22,22,1.0,4.5,7.636363636363637,PR,Baby
c273175f7c6c80fb02f051e2fc6d0d72,1188.23,14,14,0.9285714285714286,3.7857142857142856,10.0,SP,Auto
1dcfa3835714681d4ba4a93bc1e0fd41,1186.6000000000001,12,14,1.0,4.076923076923077,15.5,SP,Furniture Living Room
0afccdb8a34ee5c79f7c06faf2b4d56e,1185.6,24,24,0.9166666666666666,4.086956521739131,12.958333333333334,MG,Telephony
3092c0b297aacfb4bb6e056ebe13b9b8,1184.3000000000002,16,17,1.0,4.176470588235294,13.176470588235293,SP,Housewares
7ff588a03c2aeae4fbd23f9ae64b760d,1182.2,14,16,1.0,4.6875,4.5625,SP,Auto
2709af9587499e95e803a6498a5a56e9,1180.56,25,46,0.5,2.6,11.934782608695652,SP,Health Beauty
b1aaae6b66ad3c40f54b389d7ea4bee0,1176.5,15,17,1.0,4.470588235294118,7.529411764705882,SP,Fashion Underwear Beach
8629c241b3622ac12cd4118afdc8d394,1167.66,13,13,0.9230769230769231,4.076923076923077,14.692307692307692,SP,Perfumery
57c764b4a836300be881e2ff86e449f9,1156.1000000000001,28,29,0.8620689655172413,4.25,15.068965517241379,SP,Housewares
d1c7fa84e48cfa21a0e595167c1c500e,1156.03,12,12,1.0,4.333333333333333,11.5,RS,Garden Tools
d1b9d4be4b6f9ebd85f8acd6745ba612,1154.35,11,11,1.0,4.181818181818182,10.454545454545455,MG,Furniture Decor
c35672b10ad50968f567ea3f4b91e877,1150.57,18,22,0.9545454545454546,4.454545454545454,9.818181818181818,RJ,Health Beauty
d4910f1cdcfdabd48d6b316e395d4a23,1146.88,11,12,0.9166666666666666,4.916666666666667,5.666666666666667,SP,Pet Shop
5f3ae9136c875522250f8184f253413a,1143.05,42,45,0.9333333333333333,4.5777777777777775,7.2,SP,Books Technical
5f26c1408a65b42a7224cd463bdf3292,1139.8,10,10,1.0,4.8,6.1,PR,Health Beauty
5b07547f10dd980738a1a27f685af669,1134.6000000000001,13,14,0.8571428571428571,4.5,5.785714285714286,SP,Health Beauty
138dbe45fc62f1e244378131a6801526,1125.56,49,58,0.9655172413793104,3.9827586206896552,5.879310344827586,SP,Housewares
ecccfa2bb93b34a3bf033cc5d1dcdc69,1120.8500000000001,12,16,0.75,2.5,34.625,PR,Health Beauty
cda598c48d7c614bc1cad7d8ff6f0010,1118.6000000000001,17,18,1.0,3.9444444444444446,7.777777777777778,SP,Auto
abc015ebac1d283a323ca9db35ede4b9,1106.8,12,13,1.0,4.384615384615385,10.615384615384615,SP,Air Conditioning
a425f92c199eb576938df686728acd20,1106.3,16,18,1.0,4.555555555555555,16.88888888888889,PR,Furniture Decor
b55638ad525e906c698fa2ce742c1742,1094.8,11,12,0.8333333333333334,4.166666666666667,22.166666666666668,SC,Pet Shop
75fbb52eda0cbc24f479d3b2fbfa8d3e,1094.19,38,41,0.9512195121951219,4.487804878048781,13.463414634146341,GO,Dvds Blu Ray
e504a4e2efaa45cbff7e268a2c58c956,1088.9,10,11,0.7272727272727273,3.909090909090909,12.181818181818182,SP,Housewares
76ea5315acb3f5f7ade3cd261faf922a,1087.06,15,15,0.9333333333333333,4.266666666666667,8.2,SP,Auto
e48cc16ab70bfa09e1401740dce0b3d7,1084.83,14,17,0.8823529411764706,3.235294117647059,14.176470588235293,SP,Computers Accessories
4736e9d642ef4257cd7622516931eb51,1078.8700000000001,16,20,1.0,4.15,4.5,SP,Air Conditioning
a066df7361163e7ddc5d7452dd17448b,1078.3,15,17,0.7647058823529411,4.470588235294118,15.411764705882353,SP,Telephony
596849622429351f47b32e6cae1055ff,1069.8,13,13,1.0,4.083333333333333,4.769230769230769,SP,Telephony
334cab711dee080b079fa5779b584783,1069.7,11,26,1.0,4.961538461538462,6.423076923076923,SP,Furniture Decor
1464afc72f696af775557a821c2e253f,1059.36,29,30,0.9666666666666667,4.166666666666667,10.8,RJ,Perfumery
226b05fe067266c59c15dae208213d06,1056.9,10,11,1.0,4.181818181818182,9.181818181818182,PR,Pet Shop
9d7a1d34a5052409006425275ba1c2b4,1054.82,13,16,0.9375,3.75,12.625,SP,Stationery
4324dd16853115efb0fd9d0d131ba6f4,1052.25,12,18,0.9444444444444444,4.277777777777778,12.5,SP,Computers Accessories
bb135baca94c82fcb731335ad5b04a03,1049.8,18,38,1.0,2.6578947368421053,7.7105263157894735,SP,Furniture Decor
49067458c68f7701fd334ce326accbe0,1047.6499999999999,17,37,0.918918918918919,3.324324324324324,11.64864864864865,MG,Costruction Tools Garden
1cbd32d00d01bb8087a5eb088612fd9c,1045.47,11,12,0.9166666666666666,4.25,11.75,SP,Health Beauty
89f69225956f951295ca4c7fb1266553,1041.3,11,12,0.9166666666666666,4.333333333333333,9.25,RJ,Toys
26785a546900236d66f2e4197c211158,1019.2,15,15,1.0,4.666666666666667,5.4,SP,Consoles Games
5b664594895aefb418afaee6d40a9a23,1008.8,16,22,1.0,3.6363636363636362,10.045454545454545,RJ,Construction Tools Construction
00720abe85ba0859807595bbf045a33b,1007.5,13,26,0.9230769230769231,3.6538461538461537,8.153846153846153,SP,Housewares
fb3cfbc8a86f5d7fbb4d36b8df63f60d,1007.3000000000001,10,15,1.0,3.1333333333333333,7.0,RJ,Bed Bath Table
980640c45d7a4635885491d077167e4d,1004.29,14,14,0.9285714285714286,4.642857142857143,7.142857142857143,SP,Fashion Bags Accessories
b5e3e38609125694d2ea2417522a60b7,995.04,16,17,0.7647058823529411,4.352941176470588,17.235294117647058,SC,Sports Leisure
7c5b05cbdb5542049f38d90d7815b97d,993.97,21,23,0.9565217391304348,4.565217391304348,7.3478260869565215,SP,Books Imported
04e38a233f726ef161074ab1c9b0399a,991.6,19,24,0.875,4.166666666666667,11.083333333333334,SP,Sports Leisure
8fdca8e349553f99bc738833a62c8802,989.34,22,29,0.9655172413793104,4.357142857142857,9.793103448275861,SP,Electronics
e84ad2127668df3aafc6b73531a0beb8,987.0,19,23,0.9565217391304348,4.391304347826087,9.217391304347826,SP,Cool Stuff
adcf50477d6a1f5d91bb9d54c4903cb5,981.86,16,31,0.8387096774193549,3.3548387096774195,24.0,MG,Sports Leisure
325f3178fb58e2a9778334621eecdbf9,981.6999999999999,36,46,1.0,4.456521739130435,5.717391304347826,SP,Perfumery
83645b1645cdee8953ee54c29ceed564,978.9,14,14,1.0,4.428571428571429,10.0,PR,Baby
ec4608a1f76453166bb312b2968aeaf4,968.81,17,29,0.7931034482758621,3.0344827586206895,13.620689655172415,SP,Furniture Decor
f0e103c63864d5405b958d984b6e94c9,951.7,11,11,1.0,4.7272727272727275,8.181818181818182,SP,Health Beauty
5b2e94f2c22b39ccc24d34ad0f669672,949.78,10,10,0.9,4.9,9.7,SP,Auto
4e06067cc08b3f41d837768d392c3ee3,941.72,31,46,0.9565217391304348,4.173913043478261,9.347826086956522,MG,Perfumery
db46ca7bce82b11f7e247539271fc390,933.97,16,16,1.0,4.5625,7.6875,RJ,Pet Shop
bc47d5d1490df2b36add65d733eafaba,929.8,21,22,0.9090909090909091,3.5454545454545454,12.863636363636363,SP,Sports Leisure
4ebdc7e6cd6102a022dadc49156d4ea8,928.6999999999999,29,32,0.96875,3.75,9.71875,SP,Furniture Decor
343e716476e3748b069f980efbaa294e,922.5999999999999,17,24,0.9565217391304348,4.0,15.347826086956522,SP,Books General Interest
2d42ebcda99fd55f6f4bc2f1ca035d50,921.5,10,11,1.0,4.0,9.272727272727273,GO,Small Appliances
ef2fbc2b607d8492bcffe657a4645434,920.9,19,21,0.9047619047619048,4.0476190476190474,6.571428571428571,RJ,Auto
670a9dda115b5a88b18cfadee8de2332,918.9000000000001,11,11,1.0,4.454545454545454,11.727272727272727,SP,Fashion Bags Accessories
1caf283236cd69af44cbc09a0a1e7d32,917.6,33,37,0.8918918918918919,4.54054054054054,13.594594594594595,RJ,Toys
70849ca4f400aaabb62cb7462a6f1428,909.58,12,12,0.8333333333333334,4.416666666666667,10.333333333333334,MG,Musical Instruments
08d2d642cf72b622b14dde1d2f5eb2f5,909.0,16,20,0.85,4.45,14.45,SP,Stationery
4a1f694197d05fe70026b016a7316b41,907.77,14,23,0.9565217391304348,4.391304347826087,10.478260869565217,SP,Furniture Decor
f8201cab383e484733266d1906e2fdfa,889.0,10,10,0.8,4.1,12.7,SC,Cool Stuff
e1dc0754bada9ee4cfe9713f22f61292,885.0,12,12,1.0,3.8333333333333335,7.833333333333333,RJ,Baby
ffad1e7127fb622cb64a900751590acd,884.3,10,15,1.0,4.866666666666666,8.0,SP,Furniture Decor
cac63f48c38cd7d002a7e846dcd99a23,874.0,10,10,1.0,4.8,6.7,SP,Toys
9c690ceacd5c66731bf443ea810195cb,871.8,10,12,1.0,4.416666666666667,6.833333333333333,MG,Garden Tools
41da412d33e8da4f22baf55cb1bde82c,862.9,15,21,1.0,4.714285714285714,8.80952380952381,ES,Sports Leisure
6a8a889bde935bafa76d7848782dfaf9,860.8199999999999,26,30,0.9333333333333333,3.933333333333333,7.166666666666667,SP,Small Appliances
5011f0d93373a4c5753adf58ca77af8d,859.52,11,21,0.8095238095238095,3.6666666666666665,14.666666666666666,SP,Food Drink
c4fabeea6e569d42d02993bb1f4f1cbc,859.3000000000001,11,11,0.9090909090909091,4.0,21.363636363636363,CE,Baby
bf00385a5f7fc1ef39a13c2e9ee50a5f,855.4,28,28,1.0,4.428571428571429,5.428571428571429,SP,Electronics
3dbbce181edfaa4a597ec858c382d2ec,848.3,17,20,0.9,4.35,13.8,PR,Books General Interest
113e3a788b935f48aad63e1c41dac1bd,847.35,39,48,0.9583333333333334,4.404255319148936,11.604166666666666,SP,Christmas Supplies
20cb7c2fde3e5bf10f0bbe7394e1c6a9,844.9999999999999,31,50,0.9,3.9,11.52,PR,Furniture Decor
c37b2059d4f90d4feead554e5246565e,839.3,12,16,0.5625,3.75,19.75,SP,Furniture Decor
82cb9f452fe8334df74b22d37824b431,838.2,14,18,1.0,4.722222222222222,8.666666666666666,RS,Small Appliances
28f10b1c5e5abb9d4857745bede6147c,835.0,28,28,0.7857142857142857,4.0,7.178571428571429,SP,Electronics
8602a61d680a10a82cceeeda0d99ea3d,826.99,17,19,0.9473684210526315,4.473684210526316,7.2631578947368425,SP,Fashion Bags Accessories
51e4e89242cbb846c2deff3dc015650e,822.58,16,16,1.0,4.625,8.75,RS,Garden Tools
10076e5788b8ee532724bcd460baf762,821.48,23,26,0.9615384615384616,4.615384615384615,9.384615384615385,SP,Baby
63a79f5a7eb5cb48a7e5787b141c7993,815.1,11,11,1.0,4.545454545454546,5.909090909090909,MG,Toys
ba5daa4041e1f15cdf34b76e3e18a450,806.8000000000001,15,15,1.0,4.266666666666667,5.133333333333334,SP,Toys
caa9bc43a9fe8cf9c564ddd8a03cc4a6,803.87,13,14,0.9285714285714286,4.6923076923076925,8.642857142857142,SP,Toys
557f22c76691849db52d2abccf0015d0,799.87,12,13,1.0,3.3333333333333335,13.692307692307692,GO,Computers Accessories
5a05a16bb50629ee31afab8a6d4c2674,794.3,14,15,0.9333333333333333,4.0,6.6,RS,Housewares
e3a386fc36e22064434e1fa256f6a9fa,793.9,16,17,0.8235294117647058,4.235294117647059,10.117647058823529,SP,Health Beauty
9d681c7e12db302cb261e721040dde65,785.6,13,14,1.0,4.928571428571429,8.5,PR,Sports Leisure
d4f117125b59ce73c3302f88ee40c458,783.29,17,17,1.0,4.823529411764706,7.294117647058823,SP,Health Beauty
41c2bad7229b0c25e6becf179ebf63ff,782.0,20,23,1.0,4.956521739130435,4.304347826086956,RN,Books General Interest
cb6c9f5888a7a090c75beaf615925792,779.8900000000001,11,11,0.9090909090909091,3.8181818181818183,9.636363636363637,ES,Garden Tools
5a413ade68e8f8d93071a7f52a64cb9e,778.9,14,14,0.8571428571428571,4.642857142857143,3.7142857142857144,SP,Health Beauty
68f86ba270525243e68ae74044f992b9,777.5,10,11,0.9090909090909091,4.363636363636363,10.0,RJ,Health Beauty
d66c11a9572221d92fbb8c4897db5f9b,776.56,16,16,1.0,4.5625,7.9375,RJ,Electronics
d9442042130b7fe579d1295f9f4a248f,772.16,19,22,0.9545454545454546,4.2272727272727275,10.863636363636363,SP,Housewares
0ff83046c3fa22efee8ecf291888b191,768.9000000000001,10,11,1.0,4.818181818181818,11.909090909090908,RS,Sports Leisure
562f8cfc51f265411f487d07e9c40e7f,766.9200000000001,13,13,0.8461538461538461,4.538461538461538,13.538461538461538,MG,Cool Stuff
6f83d9e4da896daae20b9b6b2d3ff8d2,765.19,11,11,1.0,4.363636363636363,14.636363636363637,PR,Housewares
39c763cca83e654764b7a4a650fb9b7c,761.0,11,11,0.8181818181818182,3.8181818181818183,13.0,GO,Sports Leisure
87d3c3aeb3ead335511b3ce315eb341e,749.3499999999999,15,15,0.9333333333333333,3.5,6.133333333333334,SP,Toys
c89cf7c468a48af70aada384e722f9e2,745.0,14,14,0.9285714285714286,4.0,13.857142857142858,RJ,Toys
6e864f5c4669eff3d98140a07cc50202,740.59,13,13,0.9230769230769231,4.461538461538462,9.538461538461538,SP,Books General Interest
4200ddf1967c5e41e48db62bc6d4b5ac,734.8,22,42,0.9761904761904762,4.243243243243243,8.571428571428571,SP,Bed Bath Table
33cbbec1e7e1044aaf11d152172c776f,730.67,15,16,1.0,4.6875,7.6875,RS,Small Appliances
014d9a685fd57276679edd00e07089e5,729.88,11,12,1.0,3.8333333333333335,8.5,PR,Stationery
da6a60cc8cc724fe51be021ff8be779c,728.79,12,13,1.0,4.769230769230769,7.230769230769231,RJ,Books General Interest
aac51c486b672a9850d59f3e84b1cf88,728.28,10,13,1.0,4.769230769230769,4.538461538461538,SP,Food
6d22a1fcebb6dd08c9cd90b92a93e8d0,723.7,12,13,1.0,4.3076923076923075,15.384615384615385,SC,Health Beauty
d9e7e7778b32987280a6f2cb9a39c57d,722.5,11,13,0.6923076923076923,3.1538461538461537,18.46153846153846,SP,Health Beauty
b16d3dadc47d4eb18be3d88bad0775ce,722.1,10,11,0.9090909090909091,4.363636363636363,6.0,RS,Sports Leisure
808d4348b916efa08e766ebad39f61eb,712.95,20,20,0.95,4.6,7.6,SP,Perfumery
18e694e0e48ed6f7aa3f24aade5fd697,701.54,31,34,0.9705882352941176,4.676470588235294,5.470588235294118,SP,Computers Accessories
59cea8e446d3834393058e7e0666b6fb,696.6,10,10,1.0,4.6,7.0,PR,Computers Accessories
b2c97074649f92197d9387d9033dda5f,684.71,10,11,0.9090909090909091,4.636363636363637,11.636363636363637,SP,Health Beauty
89a51f50b8095ea78d5768f34c13a76f,677.16,10,11,1.0,4.7272727272727275,7.181818181818182,DF,Perfumery
3d5d0dc7073a299e31fa718ce1bc00b6,674.8,21,22,0.8636363636363636,4.2727272727272725,7.863636363636363,RJ,Health Beauty
e21a1e8be4715b0fcfd5385643bc49c4,673.6999999999999,20,23,1.0,3.6956521739130435,16.130434782608695,SC,Auto
0a85ebe4e328db81ac9109781205e2f7,667.9,12,12,0.9166666666666666,4.583333333333333,4.75,SP,Furniture Decor
5f7300535881cef3b625fd683cf7d145,665.98,10,11,1.0,4.454545454545454,9.363636363636363,RS,Bed Bath Table
cd3d09fbe6e3e9ff0c0ac0c300e93ae7,651.04,12,12,0.9166666666666666,4.166666666666667,11.25,SP,Auto
f435898e493ba0356019a0b1cb8b55b1,649.76,10,12,1.0,4.333333333333333,10.166666666666666,PR,Auto
236585a4ddb5fea9fa40233e2249ed91,649.53,11,11,0.9090909090909091,4.090909090909091,12.636363636363637,RS,Computers Accessories
2aa3443d7bf9d9bb11133f420d75e083,647.0,10,10,0.8,3.0,10.0,RJ,Sports Leisure
ad273c9eb54ecb4532de4bf75bae9e4e,645.0,10,11,1.0,3.8181818181818183,11.545454545454545,PR,Housewares
bd1d49a326abfa9b1036772e40445430,637.7,12,13,0.9230769230769231,3.8461538461538463,11.307692307692308,SP,Health Beauty
1430239a858e7682bbc43b20758af153,633.99,17,22,1.0,4.0,6.863636363636363,SP,Baby
be8e909810184b9b19e886129149d8e5,629.85,15,15,0.8,3.7333333333333334,14.933333333333334,SP,Computers Accessories
a2deecd5398f5df4987110c80a1972a3,623.81,13,13,1.0,4.269230769230769,7.923076923076923,SP,Home Appliances
3969863bb8af7f72580b3b1ffd3a17b3,623.15,12,13,1.0,4.0,9.384615384615385,SP,Sports Leisure
6b15924333bd1a741595fe981ea04822,614.3199999999999,21,21,0.9047619047619048,4.666666666666667,7.285714285714286,SP,Health Beauty
1d29dfba02015238dfbe2449a5eaa361,612.8,12,12,0.9166666666666666,4.5,14.833333333333334,MG,Perfumery
c6a7539d424a8402232c2228d7a03c5e,607.5,10,15,0.9333333333333333,2.6,13.2,SP,Housewares
2059c39f76271d4ca3f15b5ffaccc8b8,604.9,12,12,1.0,4.5,8.916666666666666,PR,Books General Interest
5a6a02f419701fc8c605af71d4fc57a4,600.5,10,11,0.9090909090909091,4.818181818181818,4.636363636363637,SP,Books General Interest
768a86e36ad6aae3d03ee3c6433d61df,587.46,17,17,0.8235294117647058,4.647058823529412,4.588235294117647,SP,Toys
851773c885feb5e2da3b4f82bc2b17ce,585.3,10,10,0.8,4.2,16.2,SP,Health Beauty
5ef131ac72773e5b3f6c0d63cf424657,575.79,10,11,1.0,3.8181818181818183,5.818181818181818,SP,Toys
ed8cb7b190ceb6067227478e48cf8dde,573.5,15,17,0.9411764705882353,3.176470588235294,6.882352941176471,SP,Portateis Cozinha E Preparadores De Alimentos
26af45f5dfd967225a832838aa4e24a3,573.1,10,11,1.0,4.181818181818182,8.636363636363637,PR,Auto
f52c2422904463fdd7741f99045fecb6,567.79,12,13,0.9230769230769231,4.3076923076923075,5.0,SP,Housewares
2f74af7a0ee5636f12c2336f9fffed47,560.6999999999999,13,13,1.0,4.3076923076923075,9.307692307692308,SP,Sports Leisure
0d33a55da925bbf1ff02af5f6059fc7f,547.3,22,24,0.9583333333333334,4.5,8.375,SP,Books Technical
638cba8be1fb599bbb76fd6948351eb3,535.4,16,22,1.0,4.7272727272727275,8.136363636363637,SP,Sports Leisure
cb9fb4ca75d7ba8437480e8dde64fe98,532.14,10,10,1.0,4.0,8.7,SP,Other
ff4e2d38692ce827b1a4f4b8196e680d,518.9,11,11,1.0,4.2727272727272725,8.818181818181818,SP,Books Technical
1d503743d2526f03f0c2c89540ee008c,516.04,12,17,0.9411764705882353,4.235294117647059,8.588235294117647,SP,Auto
4be6b962d83299498bae2190f95d6566,508.8,11,12,0.9166666666666666,4.181818181818182,6.833333333333333,SP,Small Appliances
e6a69c4a27dfdd98ffe5aa757ad744bc,508.51,21,23,1.0,4.304347826086956,9.782608695652174,SP,Housewares
c84592044b180dec206770c38603814b,491.94000000000005,14,14,1.0,4.428571428571429,12.571428571428571,SP,Electronics
e601b04acf48b4576e73ddca9481f0dc,491.94,15,16,1.0,3.875,6.625,SP,Garden Tools
2953ce3a88f5e3c3b696d77fc9e4c8eb,470.0,14,15,0.7333333333333333,4.666666666666667,7.533333333333333,SP,Books Technical
eb5b6204dde3a6e03b5f1bb8479f055b,452.2,19,21,0.9523809523809523,3.857142857142857,10.19047619047619,SP,Housewares
4de6e4ba574aa9dfdc824bc44dc47fdd,451.1,14,14,0.9285714285714286,4.071428571428571,8.857142857142858,PR,Health Beauty
bbaff50f3b708fda865918715276cd87,449.7,12,16,0.875,4.8125,8.0,SP,Food Drink
768de2a4fc06aacecb9a586ccc30746a,442.7,13,13,1.0,4.384615384615385,14.384615384615385,DF,Cool Stuff
26d6bbee02420494d471c9f6436929c0,434.51,12,13,1.0,4.6923076923076925,7.538461538461538,PR,Auto
d4e4b5192cba4e0e66eb12a9d347239d,431.9,11,11,1.0,4.454545454545454,13.0,PR,Telephony
b080809eaacb49e5ca07290981472431,424.0,11,11,1.0,4.818181818181818,10.0,MG,Books General Interest
7c1fea10b5b006671d608b1d7c446ec4,423.59999999999997,14,14,0.9285714285714286,4.0,15.714285714285714,SP,Telephony
9d5604a1f112324ad6b2aa552122e0fb,421.5,13,17,1.0,3.6470588235294117,11.588235294117647,SP,Home Construction
7b7f91e98f8c6def45a1407923304402,417.47,11,14,0.9285714285714286,3.5,13.142857142857142,SP,Housewares
b64d51f0435e884e8de603b1655155ae,416.18,17,23,0.782608695652174,4.130434782608695,7.565217391304348,SP,Housewares
acb6c2ca5c82411c1fdb88d5fd5eb95e,413.88,10,11,1.0,3.727272727272727,9.363636363636363,SP,Sports Leisure
179d859f51292aac5c10806a356f7af9,404.46999999999997,18,19,0.8421052631578947,4.315789473684211,8.789473684210526,SP,Electronics
d7485b33791774c36108f8c69602d48d,399.82,10,10,0.9,3.7,8.2,PR,Sports Leisure
63ffcb71394dd8ea3872ed9ffda17c74,399.0,17,17,0.9411764705882353,3.176470588235294,12.764705882352942,RJ,Sports Leisure
0249d282d911d23cb8b869ab49c99f53,393.0,11,11,0.8181818181818182,4.2727272727272725,9.818181818181818,SP,Sports Leisure
89bc797e2e29667aa035d4368f9b7f92,392.4,16,19,0.8421052631578947,3.8947368421052633,14.473684210526315,SP,Telephony
59cd88080b93f3c18508673122d26169,392.33,10,12,0.75,4.75,13.25,SP,Pet Shop
ea00f977a203ff88adf7057cb7806998,381.72999999999996,18,18,0.8888888888888888,4.277777777777778,4.888888888888889,SP,Auto
f5b44895715ddfe3087dc414f30268f3,378.8,19,19,0.9473684210526315,4.0,12.105263157894736,SP,Auto
bd15ee794d5e640d9dd71b665b2ab15b,374.79999999999995,12,12,0.8333333333333334,4.0,14.083333333333334,SP,Sports Leisure
08084d990eb3f53af056ccbc1730c8a7,372.5,12,12,1.0,4.454545454545454,8.0,SP,Electronics
6d988d6174a2c27441597174f8905515,371.73,19,23,0.9130434782608695,4.260869565217392,18.82608695652174,PR,Housewares
916748bc99315c2d202898ae58b1617e,369.40000000000003,25,32,1.0,4.34375,9.875,SP,Sports Leisure
9dd59e43f0c9f0553244e8f9c2fb247e,356.3,10,10,0.9,4.8,12.6,PR,Perfumery
48efc9d94a9834137efd9ea76b065a38,345.6,33,34,1.0,5.0,10.588235294117647,PR,Fashion Bags Accessories
2f4b0d3b9634b647d4edee577d7ebb7e,337.9,10,11,1.0,4.909090909090909,6.2727272727272725,SP,Perfumery
e627629ba868740e287800f1a9be81c2,337.1,11,11,1.0,4.909090909090909,6.545454545454546,SP,Food Drink
7c4618c82226628831613e95e9c22f44,333.92999999999995,13,13,0.8461538461538461,4.076923076923077,10.615384615384615,SP,Sports Leisure
ce616e1913288884e7742faac9d981db,333.3,14,22,0.9545454545454546,4.636363636363637,7.090909090909091,SP,Auto
08d0949a9a17c027262db1f3c450c26c,324.8,12,12,1.0,3.7083333333333335,13.75,PR,Furniture Decor
0747d5bb69f0586cc869d8af4c50f93e,322.8,12,13,0.9230769230769231,3.8461538461538463,13.846153846153847,RJ,Perfumery
b127efdabeffb5d559349c7b172eb75d,308.5,10,10,0.9,4.8,9.3,SP,Fashion Bags Accessories
a8739afb32aaa45e01815ca76f76f54b,298.83,13,15,0.9333333333333333,3.466666666666667,8.933333333333334,SP,Electronics
9d39404483343dd55c7ae254494d8388,293.2,10,10,0.9,3.5,13.7,SP,Telephony
615005a3ef192c00c6f0e977cee3d2bc,286.5,10,11,0.8181818181818182,3.909090909090909,13.0,SP,Sports Leisure
5c853bb56f70f4d14218944bae111d7a,263.13,23,24,1.0,4.041666666666667,8.125,SP,Furniture Decor
